benchmark_set,qid,hop_count,gold_documents_count,gold_chunks_count,gold_spans_count,spans_verbatim_verified,references_doc034,references_doc086,contamination_flag,question_excerpt
dev,Q001,1,1,1,1,True,False,False,CLEAN,根据《食品安全法》，生产经营添加药品的食品，货值金额一万元以上的，应当面临何种倍数的罚款？有何法定例外？
dev,Q002,1,1,1,1,True,False,False,CLEAN,根据《药品管理法》，法律明确界定为假药的情形包括哪些？
dev,Q003,1,1,1,1,True,False,False,CLEAN,根据《疫苗管理法》，国家对疫苗追溯实行何种制度？上市许可持有人承担什么义务？
dev,Q004,1,1,1,1,True,False,False,CLEAN,根据《职业病防治法》，用人单位工作场所存在职业病危害因素的，应当向哪个部门申报职业病危害项目？
dev,Q005,1,1,1,1,True,False,False,CLEAN,根据《传染病防治法》，法定的甲类传染病包括哪些病种？
dev,Q006,1,1,1,1,True,False,False,CLEAN,根据《基本医疗卫生与健康促进法》，政府举办的非营利性医疗卫生机构在收益分配和结余上有何禁止性要求？
dev,Q007,1,1,1,1,True,False,False,CLEAN,根据《放射性同位素与射线装置安全和防护条例》，生产、销售、使用放射性同位素和射线装置的单位申请辐射安全许可证应当具备哪些基本条件？
dev,Q008,1,1,1,1,True,False,False,CLEAN,根据《精神卫生法》，精神障碍患者住院治疗的法定基本原则是什么？
dev,Q009,1,1,1,1,True,False,False,CLEAN,根据《医师法》，国家对医师实行的定期考核制度考核周期是多久？不合格如何处理？
dev,Q010,1,1,1,1,True,False,False,CLEAN,根据《医疗事故处理条例》，患者在医疗机构死亡后，尸检应当在多长时间内进行？具备冻存条件的可延长多久？
dev,Q011,1,1,1,1,True,False,False,CLEAN,根据《医疗纠纷预防和处理条例》，医疗纠纷双方当事人可以通过哪些法定途径解决争议？
dev,Q012,1,1,1,1,True,False,False,CLEAN,根据《中医药法》，国家发展中医药事业的基本方针和政策是什么？
dev,Q013,2,2,2,2,True,False,False,CLEAN,《食品安全法实施条例》与《食品安全法》在食品追溯体系建立上具有什么法律渊源关系？上位法对生产经营者有何强制要求？
dev,Q014,2,2,2,2,True,False,False,CLEAN,《医疗废物管理条例》依据哪两部上位法制定？对于传染病病人产生的医疗废物在交接处置前有何特殊消毒例外要求？
dev,Q015,2,1,2,2,True,False,False,CLEAN,《中华人民共和国医师法》施行后，原《中华人民共和国执业医师法》的法律效力发生了何种变化？具体生效与废止日期是何时？
dev,Q016,2,1,2,2,True,False,False,CLEAN,《麻醉药品和精神药品管理条例》施行时废止了哪一部旧行政法规？该条例的上位立法依据是什么？
dev,Q017,2,1,2,2,True,False,False,CLEAN,现行《放射性同位素与射线装置安全和防护条例》自哪年施行？同时废止了哪一部1989年的旧条例？
dev,Q018,2,1,2,2,True,False,False,CLEAN,《医疗事故处理条例》何时正式施行？宣告废止了国务院哪部旧法规？
dev,Q019,3,3,3,3,True,False,False,CLEAN,医疗机构配制制剂需经哪级部门批准？配制的制剂在使用上有何严格限制？医师开具本机构制剂需遵循什么规则？
dev,Q020,3,3,3,3,True,False,False,CLEAN,医疗机构承担疫苗预防接种任务必须符合哪些法定资质条件？执行接种的医务人员和传染病预防接种规划如何衔接？
dev,Q021,3,3,3,3,True,False,False,CLEAN,用人单位组织劳动者进行上岗前、在岗期间和离岗时的职业健康检查，承担检查的医疗机构需要满足什么准入条件？费用由谁承担？
dev,Q022,3,3,3,3,True,False,False,CLEAN,医师在执业中发现甲类传染病病人时应在几小时内报告？对伴随产生的传染病医疗废物转运与暂存有何时间红线？
dev,Q023,3,3,3,3,True,False,False,CLEAN,执业医师开具麻醉药品和第一类精神药品处方需要取得什么资格？专用处方开具管理有何法定特殊限制？
dev,Q024,3,3,3,3,True,False,False,CLEAN,我国将病原微生物分为哪四类？涉及第一类、第二类高致病性病原微生物与生物安全法监测预警和传染病防治如何协同联动？
dev,Q025,2,2,2,2,True,False,False,CLEAN,根据《生物安全法》与《传染病防治法》，对新发突发重大传染病疫情，国家建立了何种防范与应急控制体系？
dev,Q026,2,2,2,2,True,False,False,CLEAN,医疗机构实施细则与医师法关于医务人员医德医风与职业道德评价是如何衔接规定的？
dev,Q027,2,2,2,2,True,False,False,CLEAN,精神障碍的诊断结论必须由何种资质的医师作出？非精神科医师是否具备作出精神障碍诊断的资格？
dev,Q028,2,2,2,2,True,False,False,CLEAN,在因抢救生命垂危患者等紧急情况下不能取得患者或近亲属意见时，医师享有什么法定的紧急处置权？需要履行何种批准手续？
dev,Q029,2,1,2,2,True,False,False,CLEAN,《艾滋病防治条例》对感染者隐私保护有何强制规定？对感染者向谁履行告知义务作出了例外要求？
dev,Q030,2,2,2,2,True,False,False,CLEAN,《血吸虫病防治条例》在防治方针上如何体现上位法《传染病防治法》的预防为主原则？重点治理措施是什么？
dev,Q031,2,2,2,2,True,False,False,CLEAN,发生医疗纠纷需要判定是否构成医疗事故时，医疗事故技术鉴定工作由谁负责组织？首次鉴定由哪个级别的医学会承担？
dev,Q032,2,2,2,2,True,False,False,CLEAN,医疗机构发布中医医疗广告需要向哪一级中医药主管部门申请审查？广告内容必须以什么为准？
dev,Q033,3,2,3,3,True,False,False,CLEAN,食品生产企业未按规定建立追溯体系且销售不符合安全标准的食品，将面临行政处罚和消费者何种标准的惩罚性民事赔偿？
dev,Q034,3,2,3,3,True,False,False,CLEAN,医疗机构从非法渠道购进假劣药品且拒不执行进货查验验收制度的，将面临何种行政处罚？情节严重的对医疗机构资质有何影响？
dev,Q035,3,3,3,3,True,False,False,CLEAN,疾病预防控制机构向接种单位配送疫苗时如何保障质量？执业医师在开展规范预防接种操作中的法定履职要求是什么？
dev,Q036,3,2,3,3,True,False,False,CLEAN,用人单位未参加工伤保险，劳动者被诊断患有职业病后其医疗和生活保障待遇由谁承担？基本医疗卫生法如何保障公民健康权益？
dev,Q037,3,3,3,3,True,False,False,CLEAN,医疗机构收治甲类传染病病人时应采取何种控制措施？医师在处置过程中对隔离人员和相关医疗废弃物安全管理有哪些闭环责任？
dev,Q038,3,2,3,3,True,False,False,CLEAN,医疗机构麻醉药品和第一类精神药品应当如何储存保管？处方至少应当保存多少年备查？医师超量开具将承担什么后果？
dev,Q039,3,2,3,3,True,False,False,CLEAN,高致病性病原微生物菌（毒）种样本在运输途中发生被盗、被抢、丢失或泄漏时，承运单位和护送人必须在多少小时内报告？向哪些部门报告？
dev,Q040,3,2,3,3,True,False,False,CLEAN,医疗机构任用未取得医师执业资格的人员独立从事医疗卫生技术工作，卫生行政部门可对其作出何种处罚？情节严重的如何处理？
dev,Q041,3,2,3,3,True,False,False,CLEAN,精神障碍患者非自愿住院治疗的法定除外情形是什么？谁有权将发生伤害他人行为的疑似患者送医就诊？
dev,Q042,3,2,3,3,True,False,False,CLEAN,《医师法》取代旧《执业医师法》后，在医师多机构执业与基层医疗服务倾斜上有何制度创新？如何配合分级诊疗？
dev,Q043,3,2,3,3,True,False,False,CLEAN,当事人对设区的市级医学会首次医疗事故技术鉴定结论有异议的，应当在收到结论后多少日内申请再次鉴定？再次鉴定由谁组织？
dev,Q044,3,2,3,3,True,False,False,CLEAN,医疗机构对就诊的艾滋病病毒感染者或患者在诊疗权利上有何强制性保障？医疗机构能否因其患有艾滋病推诿治疗其他疾病？
dev,Q045,3,2,3,3,True,False,False,CLEAN,医疗废物集中处置单位运送医疗废物时应当使用何种运输工具？运送途中发生医疗废物流失或泄漏时应当如何处置？
dev,Q046,3,2,3,3,True,False,False,CLEAN,生产中药饮片必须按照什么标准进行炮制？中医药法对道地中药材的保护和发展有何专门扶持政策？
dev,Q047,3,2,3,3,True,False,False,CLEAN,国家对食品添加剂生产实行何种制度？食品生产企业超限量超范围使用食品添加剂发现安全隐患后，应当履行何种召回与报告义务？
dev,Q048,3,2,3,3,True,False,False,CLEAN,国家对特殊管理药品的批发实行何种准入？医疗机构购进麻醉药品和第一类精神药品在结算方式上有何绝对禁止性规定？
dev,Q049,1,1,1,1,True,False,False,CLEAN,根据《药品管理法》，药品广告的内容应当以什么为准？处方药广告在发布媒介上有何严格限制？
dev,Q050,1,1,1,1,True,False,False,CLEAN,根据《基本医疗卫生与健康促进法》，国家基本公共卫生服务项目由谁负责免费向全体公民提供？费用如何筹措？
dev,Q051,2,2,2,2,True,False,False,CLEAN,设置床位在100张以上的综合医院，其设置审批应当由哪一级卫生行政部门办理？审批应当依据什么规划？
dev,Q052,2,2,2,2,True,False,False,CLEAN,医师跨执业地点增加执业机构（多点执业）需要履行什么法定手续？在基层医疗机构执业有何优待政策？
dev,Q053,1,1,1,1,True,False,False,CLEAN,《麻醉药品和精神药品管理条例》在2013年和2016年分别通过国务院的什么决定进行了两次重要行政法规修订？
dev,Q054,1,1,1,1,True,False,False,CLEAN,《病原微生物实验室生物安全管理条例》在深化行政审批制度改革中，通过国务院何种决议进行了第二次修订？
dev,Q055,1,1,1,1,True,False,False,CLEAN,《中华人民共和国食品安全法实施条例》在2019年全面修订前，于哪一年根据国务院决定进行了局部修订修正？
dev,Q056,2,1,2,2,True,False,False,CLEAN,在2022年3月1日《医师法》施行前已经取得执业医师资格或证书的人员，其证书在新法施行后是否继续有效？有何过渡规定？
dev,Q057,1,1,1,1,True,False,False,CLEAN,根据《食品安全法》第六十七条，预包装食品的包装上应当标明哪些法定事项？对于营养成分强制标注有何法定例外？
dev,Q058,1,1,1,1,True,False,False,CLEAN,根据《药品管理法》，在中国境内未注册的药品原则上禁止进口调配，但对临床急需少量药品有何特别审批例外？
dev,Q059,2,1,2,2,True,False,False,CLEAN,根据《疫苗管理法》，预防接种异常反应的法定构成要件是什么？属于受种者偶合发病的情况是否享受异常反应补偿？
dev,Q060,2,1,2,2,True,False,False,CLEAN,传染病暴发时地方政府采取紧急控制措施需履行何种报批程序？对大中城市或跨省疫区实施封锁的法定决定权限归谁？
dev,Q061,1,1,1,1,True,False,False,CLEAN,根据《突发公共卫生事件应急条例》，国家突发公共卫生事件应急预案由哪个部门制定并报谁批准？
dev,Q062,1,1,1,1,True,False,False,CLEAN,从事计划生育技术服务的机构开展计划生育手术，其从事人员必须具备什么法定资质？
dev,Q063,1,1,1,1,True,False,False,CLEAN,根据《反兴奋剂条例》，反兴奋剂目录由哪些部门负责制定并定期调整公布？
dev,Q064,2,2,2,2,True,False,False,CLEAN,《母婴保健法实施办法》的母法渊源是什么？准备结婚的男女双方进行婚前医学检查后医疗机构应当出具何种证明？
dev,Q065,2,2,2,2,True,False,False,CLEAN,根据《乡村医生从业管理条例》，乡村医生执业注册的执业范围有何地域限制？与执业医师独立开办个体诊所有何年限差别？
dev,Q066,2,2,2,2,True,False,False,CLEAN,卫生部关于中医执业的批复中，非医疗机构使用医疗器械开展中医治疗推拿活动应如何定性？应依照哪部法规处罚？
dev,Q067,1,1,1,1,True,False,False,CLEAN,《国务院关于加强食品等产品安全监督管理的特别规定》中，生产者发现产品存在安全隐患后应当履行什么主动报告与召回程序？
dev,Q068,2,2,2,2,True,False,False,CLEAN,《残疾预防和残疾人康复条例》关于康复机构的专业技术人员配备有何规范？如何保障残疾人基本康复服务？
dev,Q069,1,1,1,1,True,False,False,CLEAN,根据修改后的《人口与计划生育法》，国家在生育支持方面对符合政策生育的夫妻规定了哪些奖励假政策？
dev,Q070,2,2,2,2,True,False,False,CLEAN,《流动人口计划生育工作条例》对流动人口计划生育服务管理采取何种管理体制？户籍地与现居住地如何协作？
dev,Q071,2,2,2,2,True,False,False,CLEAN,根据《护士条例》，医疗机构使用未取得护士执业证书的人员从事诊疗技术规范护理工作的，应按哪部法规追责？
dev,Q072,2,1,2,2,True,False,False,CLEAN,《人体器官移植条例》对买卖人体器官有何禁止性要求？活体器官捐献的接收人资格有何法定例外限制？
dev,Q073,2,1,2,2,True,False,False,CLEAN,国务院《医疗机构管理条例》自哪年哪月起正式施行？同时废止了政务院1951年发布的什么暂行条例？
dev,Q074,1,1,1,1,True,True,False,CONTAMINATED_DOC034,根据《医疗器械监督管理条例》，我国对医疗器械产品实行分类分级管理，第一类、第二类和第三类分别实行何种管理体制？
dev,Q075,1,1,1,1,True,False,False,CLEAN,根据《学校卫生工作条例》，普通学校设立卫生室和配备专职卫生技术人员的学生人数标准是多少？
dev,Q076,3,3,3,3,True,False,False,CLEAN,母婴保健法实施中经产前诊断发现胎儿有严重缺陷时，医师出具医学意见终止妊娠的法定条件是什么？对实施机构和医师资质有何联动要求？
dev,Q077,1,1,1,1,True,False,False,CLEAN,卫生健康等行政执法机关在查处违法行为过程中发现涉嫌构成犯罪的，应当在决定批准之日起几日内向同级公安机关移送案件？
dev,Q078,2,2,2,2,True,False,False,CLEAN,《国内交通卫生检疫条例》公布施行后，废止了铁道部哪部1992年的旧管理办法？其制定上位法依据是哪部？
dev,Q079,2,1,2,2,True,False,False,CLEAN,《食盐加碘消除碘缺乏危害管理条例》何时起施行？同时废止了哪部国务院批转的旧办法？
dev,Q080,1,1,1,1,True,False,False,CLEAN,根据《国境卫生检疫法》，出入境检验检疫中对患有鼠疫、霍乱等检疫传染病的人员，海关应当采取何种法定强制措施？
dev,Q081,2,2,2,2,True,False,False,CLEAN,卫生部关于眼科门诊部设置审批批复中，设立独立眼科门诊部必须依照哪部行政法规办理执业登记？
dev,Q082,3,3,3,3,True,False,False,CLEAN,乡村医生或医师在农村地区设立个体诊所，必须同时满足《医疗机构管理条例》与《医师法》的哪些交叉门槛条件？
dev,Q083,2,2,2,2,True,False,False,CLEAN,《尘肺病防治条例》关于尘肺病患者劳动能力鉴定与职业病防治法中的工伤保障待遇是如何协同衔接的？
dev,Q084,1,1,1,1,True,False,False,CLEAN,根据《中华人民共和国献血法》，国家提倡的健康公民自愿献血年龄范围是多少？每次献血量的法定量是多少？
dev,Q085,2,2,2,2,True,False,False,CLEAN,卫生健康委关于医疗美容的批复中，使用超声刀、水光针等开展有创或穿透性操作属于什么性质？生活美容院擅自开展如何定性？
dev,Q086,1,1,1,1,True,False,False,CLEAN,根据《公共场所卫生管理条例》，公共场所直接为顾客服务的人员上岗前必须履行什么体检手续？
dev,Q087,3,3,3,3,True,False,False,CLEAN,《医疗用毒性药品管理办法》依据药品管理法制定，对毒性药品的仓储保管和医师处方调配有何特别安全防范要求？
dev,Q088,2,2,2,2,True,False,False,CLEAN,卫生部关于取得助产士资格人员能否直接认定执业医师资格的批复作出了何种权威法律认定？
dev,Q089,3,3,3,3,True,False,False,CLEAN,在专项整治批复中，非法组织他人卖血、非法采集血液构成犯罪的，如何与医疗机构管理条例的行政处罚衔接？
dev,Q090,2,2,2,2,True,False,False,CLEAN,卫生健康委关于出具医学诊断证明批复中，独立出具临床医学诊断结论证明必须具备什么资质？实习生能否出具？
dev,Q091,2,2,2,2,True,False,False,CLEAN,卫生部关于超范围执业认定的批复中，医师跨专业执业类别（如内科医师从事开腹手术）擅自开展活动如何定性处罚？
dev,Q092,2,2,2,2,True,False,False,CLEAN,在打击非法行医专项行动批复中，养生保健机构使用“中医治疗”、“针灸刺血”等医疗术语招揽并开展有偿技术服务如何认定？
dev,Q093,1,1,1,1,True,False,False,CLEAN,关于住院医师规范化培训期间执业注册批复中，已取得执业医师证书的规培学员在培训基地的执业范围和处方权如何认定？
dev,Q094,2,2,2,2,True,False,False,CLEAN,关于中医类别骨伤科副主任医师开展现代西医骨科开放性手术的批复中，执行此类跨专业手术需要经过何种审批与考核？
dev,Q095,2,2,2,2,True,False,False,CLEAN,卫生部关于乡村医生从业管理条例实施问题的批复中，乡村医生能否在乡镇卫生院或城镇私自设立个人诊所独立接诊？
dev,Q096,2,2,2,2,True,False,False,CLEAN,取得医师资格证书但尚未办理执业注册手续的人员，私自开诊行医接诊患者的，在法律上应如何定性？
dev,Q097,2,2,2,2,True,False,False,CLEAN,卫生部关于医疗广告审查批复中，医疗机构发布含有治愈率100%或保证治愈等保证性承诺的医疗广告应如何处理？
dev,Q098,2,2,2,2,True,False,False,CLEAN,关于未取得《医疗机构执业许可证》的个人或机构擅自发布医疗广告的，应当由哪个部门依据什么原则进行查处？
dev,Q099,2,2,2,2,True,False,False,CLEAN,临床类别（西医）执业医师在医院开具中成药或中药饮片处方，需要满足什么法定培训条件？
dev,Q100,2,2,2,2,True,False,False,CLEAN,卫生健康委批复中，医疗机构未经卫生行政部门批准擅自设立门诊部或者组织巡回义诊并收费的如何处理？
dev,Q101,2,2,2,2,True,False,False,CLEAN,非医疗机构打着“老中医祖传秘方”旗号对就诊者实施把脉问诊并自制配制中药销售收受费用的应如何处理？
dev,Q102,1,1,1,1,True,False,False,CLEAN,卫生部关于农村非法行医监督工作批复中，对于集市上无固定场所流动拔牙、卖药行医的游医假医，取证和管辖原则是什么？
dev,Q103,2,2,2,2,True,False,False,CLEAN,根据卫生部批复与医师法，执业助理医师能否单独作为主要负责人申请设置个体诊所并独立开展执业？
dev,Q104,2,2,2,2,True,False,False,CLEAN,卫生健康委关于康复按摩活动定性的批复中，非医疗机构开展盲人保健按摩与以疾病康复治疗为目的的医疗性推拿有何法定边界？
dev,Q105,2,2,2,2,True,False,False,CLEAN,取得合法医师执业证书的医师在未注册的个人家中擅自接诊病人致人死亡的，在适用法律上如何定性？
dev,Q106,2,2,2,2,True,False,False,CLEAN,国家中医药管理局批复中，综合医院临床科室西医执业医师开具中成药与直接开具中药饮片配方的资质要求有何不同？
dev,Q107,2,2,2,2,True,False,False,CLEAN,卫生部关于医疗机构执业登记批复中，医疗机构设立非独立法人的门诊部等分支机构，其执业登记如何办理？
dev,Q108,3,3,3,3,True,False,False,CLEAN,妇幼保健机构开展乳腺恶性肿瘤根治切除等外科手术项目，在医疗机构执业科目核准上必须满足什么审批手续？
dev,Q109,2,2,2,2,True,False,False,CLEAN,卫生部与药监局批复中，卫生健康行政部门与药品监督管理部门对医疗机构药房药品管理的职责分工如何划分？
dev,Q110,1,1,1,1,True,False,False,CLEAN,根据卫生部关于医疗机构命名批复，医疗机构通用名称中能否随意冠以“中国”、“中华”、“国家”等字样？由哪级审批？
dev,Q111,2,2,2,2,True,False,False,CLEAN,正规医学院校毕业生在医疗机构指导医师带教下从事试用期临床医疗活动，发生医疗差错时是否属于非法行医？
dev,Q112,1,1,1,1,True,False,False,CLEAN,卫生部批复中，普通消毒产品（如“消字号”抗抑菌制剂）在标签说明书上标示疾病治疗功效的，应如何定性查处？
dev,Q113,2,2,2,2,True,False,False,CLEAN,卫生部关于零售药店中设立诊所“坐堂医”批复中，零售药店开办诊所必须履行什么许可手续？能否混淆营业场所？
dev,Q114,2,2,2,2,True,False,False,CLEAN,卫生健康委批复中，开展产前超声筛查与正式产前诊断技术服务在资质准入上有何严格区别？
dev,Q115,2,2,2,2,True,False,False,CLEAN,卫生部关于中医类别医师从事急救工作的批复中，中医医师在院前急救或急诊抢救生命时使用西医现代复苏抢救技术的合法性如何界定？
dev,Q116,3,3,3,3,True,False,False,CLEAN,卫生部关于非法行医批复中，未取得执业许可证擅自营业且无证行医致人严重伤害的，行政责任与刑事责任如何追究？
dev,Q117,2,2,2,2,True,False,False,CLEAN,卫生部关于医技人员出具检查报告批复中，检验技师与影像技师能否独立出具并签署疾病的最终临床诊断意见？
dev,Q118,2,2,2,2,True,False,False,CLEAN,关于普通外科执业医师能否独立出具B超超声检查诊断报告的批复中，医师跨专业出具超声报告的资质要求是什么？
dev,Q119,3,3,3,3,True,True,False,CONTAMINATED_DOC034,商业机构使用取得二类医疗器械注册证的红外线治疗仪对顾客开展以治病为目的的理疗收费活动，如何联动定性查处？
dev,Q120,2,2,2,2,True,False,False,CLEAN,国家卫生健康委关于实施细则批复中，非法行医案件中没收违法所得时，“诊疗活动累计收入”的具体核算范围包括哪些？
holdout1,CONF_Q001,1,1,1,1,True,False,False,CLEAN,根据《中华人民共和国食品安全法实施条例》，食品安全监督管理部门应当对企业食品安全管理人员进行何种考核？
holdout1,CONF_Q002,1,1,1,1,True,False,False,CLEAN,根据《病原微生物实验室生物安全管理条例》，保藏机构储存、提供病原微生物菌（毒）种和样本，是否可以收取费用？
holdout1,CONF_Q003,1,1,1,1,True,False,False,CLEAN,根据《中华人民共和国疫苗管理法》，疾病预防控制机构、接种单位、医疗机构未按照规定报告疑似预防接种异常反应、疫苗安全事件等，或者未按照规定对疑似预防接种异常反应组织调查、诊断等的，由哪个部门责令改正并给
holdout1,CONF_Q004,1,1,1,1,True,False,False,CLEAN,根据《突发公共卫生事件应急条例》，对传染病暴发、流行区域内流动人口，突发事件发生地的县级以上地方人民政府应当做好哪些工作？
holdout1,CONF_Q005,1,1,1,1,True,False,False,CLEAN,根据《护士条例》，护士在执业活动中发生自然灾害、公共卫生事件等严重威胁公众生命健康的突发事件，不服从安排参加医疗救护的，由县级以上地方人民政府卫生主管部门依据职责分工责令改正，给予警告；情节严重的，暂
holdout1,CONF_Q006,1,1,1,1,True,False,False,CLEAN,根据《医疗机构管理条例实施细则》，医疗机构向原登记机关管辖区域外迁移的，应当经过哪些程序才能向迁移目的地的卫生行政部门申请办理执业登记？
holdout1,CONF_Q007,1,1,1,1,True,False,False,CLEAN,根据《医疗废物管理条例》，县级以上人民政府环境保护行政主管部门违反本条例的规定发给医疗废物集中处置单位经营许可证的，应当如何处理？
holdout1,CONF_Q008,1,1,1,1,True,False,False,CLEAN,根据《中华人民共和国疫苗管理法》，疫苗上市许可持有人、疾病预防控制机构、接种单位发现存在或者疑似存在质量问题的疫苗时，不得有哪些行为？
holdout1,CONF_Q009,1,1,1,1,True,False,False,CLEAN,根据《中华人民共和国母婴保健法实施办法》，进行胎儿性别鉴定两次以上的或者以营利为目的进行胎儿性别鉴定的，除由卫生行政部门给予警告、责令停止违法行为外，还会受到什么处罚？
holdout1,CONF_Q010,1,1,1,1,True,False,False,CLEAN,根据《病原微生物实验室生物安全管理条例》，出入境检验检疫机构、医疗卫生机构、动物防疫机构在实验室开展检测、诊断工作时，发现高致病性病原微生物或者疑似高致病性病原微生物，需要进一步从事这类高致病性病原微
holdout1,CONF_Q011,1,1,1,1,True,False,False,CLEAN,根据《中华人民共和国食品安全法实施条例》，特殊医学用途配方食品中的特定全营养配方食品应当通过什么渠道向消费者销售？
holdout1,CONF_Q012,1,1,1,1,True,False,False,CLEAN,根据《乡村医生从业管理条例》，对具有乡村医生证书但不符合第十条规定条件的乡村医生，经培训但考试不合格的，县级人民政府卫生行政主管部门应当如何处理？
holdout1,CONF_Q013,1,1,1,1,True,False,False,CLEAN,根据《中华人民共和国基本医疗卫生与健康促进法》，需要实施手术、特殊检查、特殊治疗时，医疗卫生人员应当如何向患者说明并取得同意？
holdout1,CONF_Q014,1,1,1,1,True,False,False,CLEAN,根据《中华人民共和国食品安全法》，屠宰畜、禽的检验规程由哪些部门制定？
holdout1,CONF_Q015,1,1,1,1,True,False,False,CLEAN,根据《麻醉药品和精神药品管理条例》，违反本条例的规定，致使麻醉药品和精神药品流入非法渠道造成危害，尚不构成犯罪的，由县级以上公安机关处以什么罚款？
holdout1,CONF_Q016,1,1,1,1,True,False,False,CLEAN,根据《中华人民共和国传染病防治法》，国家、省级疾病预防控制机构负责对传染病发生、流行以及分布进行监测，对重大传染病流行趋势进行预测，提出预防控制对策，并参与并指导对暴发的疫情进行调查处理，开展传染病病
holdout1,CONF_Q017,1,1,1,1,True,False,False,CLEAN,根据《血吸虫病防治条例》，血吸虫病防治地区县级以上地方人民政府应当如何安排血吸虫病防治经费和基本建设投资？
holdout1,CONF_Q018,1,1,1,1,True,False,False,CLEAN,根据《医疗纠纷预防和处理条例》，医患双方选择协商解决医疗纠纷时，每方代表人数最多不超过多少人？
holdout1,CONF_Q019,1,1,1,1,True,False,False,CLEAN,根据《国内交通卫生检疫条例》，在非检疫传染病疫区的交通工具上发现检疫传染病病人、病原携带者、疑似检疫传染病病人时，交通工具负责人未依照本条例规定采取措施的，由哪些部门责令改正、给予警告并处罚款？
holdout1,CONF_Q020,1,1,1,1,True,False,False,CLEAN,根据《血吸虫病防治条例》，血吸虫病防治地区的医疗机构、疾病预防控制机构、动物防疫监督机构和植物检疫机构应当定期对其工作人员进行什么？
holdout1,CONF_Q021,1,1,1,1,True,False,False,CLEAN,根据《中华人民共和国疫苗管理法》，严重违反药品相关质量管理规范的，药品监督管理部门应当采取什么措施？
holdout1,CONF_Q022,1,1,1,1,True,False,False,CLEAN,根据《麻醉药品和精神药品管理条例》，药品生产企业需要以第二类精神药品为原料生产普通药品的，应当将年度需求计划报哪一部门，并向哪些企业购买？
holdout1,CONF_Q023,1,1,1,1,True,False,False,CLEAN,根据《计划生育技术服务管理条例》，乡级计划生育技术服务机构申请开展输卵（精）管结扎术、早期人工终止妊娠术的，必须具备什么条件？
holdout1,CONF_Q024,1,1,1,1,True,False,False,CLEAN,根据《中华人民共和国食品安全法》，食品生产经营者对依照本法规定实施的检验结论有异议的，可以自收到检验结论之日起几个工作日内向哪个部门提出复检申请？
holdout1,CONF_Q025,1,1,1,1,True,False,False,CLEAN,根据《医疗废物管理条例》，转让、买卖医疗废物，违法所得5000元以上的，应如何处罚？
holdout1,CONF_Q026,1,1,1,1,True,False,False,CLEAN,根据《中华人民共和国国境卫生检疫法》，国境口岸卫生监督员在执行任务时，有权对哪些对象进行卫生监督和技术指导，并对什么情况提出改进意见？
holdout1,CONF_Q027,1,1,1,1,True,False,False,CLEAN,根据《放射性同位素与射线装置安全和防护条例》，县级以上人民政府生态环境主管部门向不符合本条例规定条件的单位颁发许可证或者批准不符合本条例规定条件的单位进口、转让放射性同位素的，对直接负责的主管人员和其
holdout1,CONF_Q028,1,1,1,1,True,False,False,CLEAN,根据《中华人民共和国精神卫生法》，心理咨询人员发现接受咨询的人员可能患有精神障碍的，应当如何做？
holdout1,CONF_Q029,1,1,1,1,True,False,False,CLEAN,根据《中华人民共和国职业病防治法》，对产生严重职业病危害的作业岗位，应当在其醒目位置设置什么？警示说明应当载明哪些内容？
holdout1,CONF_Q030,1,1,1,1,True,False,False,CLEAN,根据《中华人民共和国生物安全法》，经评估为生物安全高风险的人员、运输工具、货物、物品等，应当从何处进境，并采取何种措施？
holdout1,CONF_Q031,1,1,1,1,True,False,False,CLEAN,根据《医疗机构管理条例实施细则》，申请设置门诊部、诊所、卫生所、医务室、卫生保健所、卫生站、村卫生室（所）、护理站等医疗机构的，设置可行性研究报告内容可以如何处理？
holdout1,CONF_Q032,1,1,1,1,True,False,False,CLEAN,根据《中华人民共和国食品安全法》，进口商在什么情况下应当立即停止进口，并依照本法第六十三条的规定召回？
holdout1,CONF_Q033,1,1,1,1,True,False,False,CLEAN,根据《计划生育技术服务管理条例》，计划生育行政部门、卫生行政部门违反规定批准不具备规定条件的机构开展与计划生育有关的临床医疗服务项目，或者不履行监督职责，或者发现违法行为不予查处，导致计划生育技术服务
holdout1,CONF_Q034,1,1,1,1,True,False,False,CLEAN,根据《中华人民共和国食品安全法》，食品经营者履行了进货查验等义务，有充分证据证明其不知道所采购的食品不符合食品安全标准，并能如实说明其进货来源的，可以免予处罚，但应当依法对其不符合食品安全标准的食品采
holdout1,CONF_Q035,1,1,1,1,True,False,False,CLEAN,根据《国务院关于加强食品等产品安全监督管理的特别规定》，出口产品的生产经营者逃避产品检验或者弄虚作假的，应如何处罚？
holdout1,CONF_Q036,1,1,1,1,True,False,False,CLEAN,根据《中华人民共和国食品安全法》，保健食品、特殊医学用途配方食品、婴幼儿配方乳粉的注册人或者备案人应当对什么负责？
holdout1,CONF_Q037,1,1,1,1,True,False,False,CLEAN,根据《中华人民共和国疫苗管理法》，疫苗上市许可持有人应当加强疫苗全生命周期质量管理，并对疫苗的哪些方面负责？
holdout1,CONF_Q038,1,1,1,1,True,False,False,CLEAN,根据《艾滋病防治条例》，标准防护原则是指什么？
holdout1,CONF_Q039,1,1,1,1,True,False,False,CLEAN,根据《艾滋病防治条例》，出于人道主义、救死扶伤目的，可以进出口哪些临床急需、捐献配型的特殊血液制品，并由哪个机构办理出入境手续？
holdout1,CONF_Q040,1,1,1,1,True,False,False,CLEAN,根据《艾滋病防治条例》，有关组织和个人对有易感染艾滋病病毒危险行为的人群实施行为干预措施，应当符合什么要求？
holdout1,CONF_Q041,1,1,1,1,True,False,False,CLEAN,根据《麻醉药品和精神药品管理条例》，尚未连接监控信息网络的麻醉药品和精神药品定点生产企业、定点批发企业和使用单位，应当每月通过电子信息、传真、书面等方式，将本单位麻醉药品和精神药品生产、进货、销售、库
holdout1,CONF_Q042,1,1,1,1,True,False,False,CLEAN,根据《中华人民共和国医师法》，对从事传染病防治、放射医学和精神卫生工作以及其他特殊岗位工作的医师，应当按照国家有关规定给予什么？
holdout1,CONF_Q043,1,1,1,1,True,False,False,CLEAN,根据《中华人民共和国医师法》，执业医师晋升为副高级技术职称的，应当有什么经历？
holdout1,CONF_Q044,1,1,1,1,True,False,False,CLEAN,根据《中华人民共和国传染病防治法》，传染病暴发、流行时，负责向社会公布传染病疫情信息并可以授权省、自治区、直辖市人民政府卫生行政部门公布本行政区域传染病疫情信息的部门是哪个？
holdout1,CONF_Q045,1,1,1,1,True,False,False,CLEAN,根据《中华人民共和国食品安全法实施条例》，食品生产经营者生产经营的食品符合食品安全标准但不符合食品所标注的企业标准规定的食品安全指标的，由哪个部门给予警告并责令相关经营者停止经营、生产企业改正？
holdout1,CONF_Q046,1,1,1,1,True,False,False,CLEAN,根据《计划生育技术服务管理条例》，乡级计划生育技术服务机构开展本条例第九条规定的项目发生计划生育技术服务事故的，由哪个部门行使依照《医疗事故处理条例》有关规定由卫生行政部门承担的受理、交由负责医疗事故
holdout1,CONF_Q047,1,1,1,1,True,False,False,CLEAN,根据《中华人民共和国母婴保健法》，医疗保健机构开展婚前医学检查、遗传病诊断、产前诊断以及施行结扎手术和终止妊娠手术的，必须符合什么条件和技术标准，并经哪个部门许可？
holdout1,CONF_Q048,1,1,1,1,True,False,False,CLEAN,根据《中华人民共和国食品安全法》，食品生产经营者、食品行业协会发现食品安全标准在执行中存在问题的，应当如何处理？
holdout1,CONF_Q049,1,1,1,1,True,False,False,CLEAN,根据《中华人民共和国职业病防治法》，未取得职业卫生技术服务资质认可擅自从事职业卫生技术服务，且没有违法所得或者违法所得不足五千元的，应如何处罚？
holdout1,CONF_Q050,1,1,1,1,True,False,False,CLEAN,根据《国务院关于加强食品等产品安全监督管理的特别规定》，农业、卫生、质检、商务、工商、药品等监督管理部门发现违反本规定的行为，属于其他监督管理部门职责的，应当如何处理？
holdout1,CONF_Q051,1,1,1,1,True,False,False,CLEAN,根据《中华人民共和国食品安全法》，食品添加剂经营者采购食品添加剂时，应当依法查验供货者的哪些文件？
holdout1,CONF_Q052,1,1,1,1,True,False,False,CLEAN,根据《中华人民共和国精神卫生法》，鉴定人应当如何对鉴定过程进行记录？
holdout1,CONF_Q053,1,1,1,1,True,False,False,CLEAN,根据《中华人民共和国精神卫生法》，县级以上地方人民政府卫生行政部门对本行政区域内从事精神障碍诊断、治疗的医疗机构进行定期检查时，应当听取谁的意见？
holdout1,CONF_Q054,1,1,1,1,True,False,False,CLEAN,根据《中华人民共和国疫苗管理法》，报纸、期刊、广播、电视、互联网站等传播媒介编造、散布虚假疫苗安全信息的，由哪个部门依法给予处罚，并对哪些人员依法给予处分？
holdout1,CONF_Q055,1,1,1,1,True,False,False,CLEAN,根据《麻醉药品和精神药品管理条例》，国务院公安部门负责对哪些行为进行查处？
holdout1,CONF_Q056,1,1,1,1,True,False,False,CLEAN,根据《艾滋病防治条例》，医务人员在开展艾滋病、性病等相关疾病咨询、诊断和治疗过程中，应当对就诊者进行什么？
holdout1,CONF_Q057,1,1,1,1,True,False,False,CLEAN,根据《中华人民共和国医师法》，以不正当手段取得医师资格证书或者医师执业证书的，由发给证书的卫生健康主管部门予以撤销后，多少年内不受理其相应申请？
holdout1,CONF_Q058,1,1,1,1,True,False,False,CLEAN,根据《中华人民共和国献血法》，血站采集血液时对采血人员有什么要求？
holdout1,CONF_Q059,1,1,1,1,True,False,False,CLEAN,根据《中华人民共和国职业病防治法》，职业病诊断鉴定费用由谁承担？
holdout1,CONF_Q060,1,1,1,1,True,False,False,CLEAN,根据《中华人民共和国生物安全法》，国务院有关部门和县级以上地方人民政府及其有关部门应当保障生物安全事件应急处置所需的哪些物资的生产、供应和调配？
holdout1,CONF_Q061,1,1,1,1,True,False,False,CLEAN,根据《护士条例》，对在护理工作中做出杰出贡献的护士，国务院有关部门应当授予什么荣誉称号或者颁发什么奖章？
holdout1,CONF_Q062,1,1,1,1,True,False,False,CLEAN,根据《医疗事故处理条例》，发生重大医疗过失行为时，医疗机构应当在多长时间内向所在地卫生行政部门报告？
holdout1,CONF_Q063,1,1,1,1,True,False,False,CLEAN,根据《中华人民共和国疫苗管理法》，接种非免疫规划疫苗所需的补偿费用由谁承担？
holdout1,CONF_Q064,1,1,1,1,True,False,False,CLEAN,根据《人体器官移植条例》，省、自治区、直辖市人民政府卫生主管部门进行人体器官移植诊疗科目登记时，除依据本条例第十一条规定的条件外，还应当考虑什么？
holdout1,CONF_Q065,1,1,1,1,True,False,False,CLEAN,根据《中华人民共和国生物安全法》，中国人民解放军、中国人民武装警察部队按照什么命令，依法参加生物安全事件应急处置和应急救援工作？
holdout1,CONF_Q066,1,1,1,1,True,False,False,CLEAN,根据《中华人民共和国疫苗管理法》，县级以上人民政府应当将哪些与疫苗相关的工作所需经费纳入本级政府预算？
holdout1,CONF_Q067,1,1,1,1,True,False,False,CLEAN,根据《血吸虫病防治条例》，县级以上人民政府有关主管部门在血吸虫病防治地区进行水利建设项目时，未同步建设血吸虫病防治设施，或者未结合相关水利工程项目改善水环境，导致钉螺孳生的，应当如何处理？
holdout1,CONF_Q068,1,1,1,1,True,False,False,CLEAN,根据《中华人民共和国职业病防治法》，发生职业病危害事故或者有证据证明危害状态可能导致职业病危害事故发生时，卫生行政部门可以采取哪些临时控制措施？
holdout1,CONF_Q069,1,1,1,1,True,False,False,CLEAN,根据《艾滋病防治条例》，县级以上人民政府应当向哪类艾滋病病人免费提供抗艾滋病病毒治疗药品？
holdout1,CONF_Q070,1,1,1,1,True,False,False,CLEAN,根据《中华人民共和国母婴保健法实施办法》，医疗、保健机构发现孕妇患有严重疾病或者接触有毒、有害因素，可能危及孕妇生命安全或者可能严重影响孕妇健康和胎儿正常发育的，应当对孕妇进行医学指导和下列必要的医学
holdout1,CONF_Q071,1,1,1,1,True,False,False,CLEAN,根据《麻醉药品和精神药品管理条例》，第三十四条、第三十五条规定的单位违反本条例规定购买麻醉药品和精神药品的，由药品监督管理部门如何处理？
holdout1,CONF_Q072,1,1,1,1,True,False,False,CLEAN,根据《中华人民共和国疫苗管理法》，药品监督管理部门在必要时可以对哪些单位和个人进行延伸检查？
holdout1,CONF_Q073,1,1,1,1,True,False,False,CLEAN,根据《中华人民共和国疫苗管理法》，疫苗上市许可持有人应当设立专门机构、配备专职人员，主动收集、跟踪分析疑似预防接种异常反应，及时采取风险控制措施，并将疑似预防接种异常反应向哪个机构报告？
holdout1,CONF_Q074,1,1,1,1,True,False,False,CLEAN,根据《计划生育技术服务管理条例》，从事计划生育技术服务的机构违反本条例第三条第三款的规定，向农村实行计划生育的育龄夫妻提供避孕、节育技术服务，收取费用的，应如何处罚？
holdout1,CONF_Q075,1,1,1,1,True,False,False,CLEAN,根据《麻醉药品和精神药品管理条例》，全国性批发企业向取得麻醉药品和第一类精神药品使用资格的医疗机构销售麻醉药品和第一类精神药品，应当经哪个部门批准？
holdout1,CONF_Q076,1,1,1,1,True,False,False,CLEAN,根据《中华人民共和国母婴保健法实施办法》，从事遗传病诊断、产前诊断的医疗、保健机构和人员，须经哪一级人民政府卫生行政部门许可？
holdout1,CONF_Q077,1,1,1,1,True,False,False,CLEAN,根据《流动人口计划生育工作条例》，国务院人口和计划生育部门主管全国流动人口计划生育工作时，需要建立什么系统来实现流动人口户籍所在地和现居住地计划生育信息共享？
holdout1,CONF_Q078,1,1,1,1,True,False,False,CLEAN,根据《中华人民共和国母婴保健法实施办法》，母婴保健医学技术鉴定委员会进行医学鉴定时须有多少名以上相关专业医学技术鉴定委员会成员参加？
holdout1,CONF_Q079,1,1,1,1,True,False,False,CLEAN,根据《行政执法机关移送涉嫌犯罪案件的规定》，行政执法机关违反本规定，隐匿、私分、销毁涉案物品的，由本级或者上级人民政府，或者实行垂直管理的上级行政执法机关，对其正职负责人根据情节轻重给予何种处分？
holdout1,CONF_Q080,1,1,1,1,True,False,False,CLEAN,根据《病原微生物实验室生物安全管理条例》，在不符合相应生物安全要求的实验室从事病原微生物相关实验活动的，由哪个部门责令停止有关活动并给予警告？
holdout1,CONF_Q081,2,2,2,2,True,False,False,CLEAN,根据《关于取得助产士（师）资格人员不能认定执业医师资格的批复》及其关联规定，取得助产士（师）资格的人员能否被认定为执业医师？若此类人员未经执业注册私自开展家庭接生造成人员死亡，应如何适用法律和处理？
holdout1,CONF_Q082,2,2,2,2,True,False,False,CLEAN,根据卫生部关于涉外婚前医学检查的批复，中国公民与外国人在中国境内结婚登记时是否适用《母婴保健法》的婚前医学检查规定？若适用，婚前保健机构和技术人员的审批应依据哪些具体法规执行？
holdout1,CONF_Q083,2,2,2,2,True,False,False,CLEAN,根据《关于产妇分娩后胎盘处理问题的批复》，如果产妇分娩后的胎盘可能造成传染病传播，医疗机构应当及时告知产妇，并按照《传染病防治法》的有关规定进行消毒处理，并按照医疗废物进行处置。请问，若该胎盘可能传播
holdout1,CONF_Q084,2,2,2,2,True,False,False,CLEAN,根据《关于产妇分娩后胎盘处理问题的批复》和《医疗纠纷预防和处理条例》第三条的规定，医疗机构在产妇分娩后处理胎盘时，应当如何依法操作？如果胎盘可能造成传染病传播，医疗机构应履行哪些告知义务并采取何种处置
holdout1,CONF_Q085,2,2,2,2,True,False,False,CLEAN,根据《卫生部关于医疗广告审查中有关问题的批复》（卫医函〔2008〕25号）和《医疗机构管理条例》第五条的规定，医疗广告审查中涉及的医疗机构监督管理权限应如何确定？即：卫生部批复中依据《医疗机构管理条例
holdout1,CONF_Q086,2,2,2,2,True,False,False,CLEAN,根据《卫生部关于乡村医生执业的六个批复》中关于乡村医生跨行政区域行医的批复，乡村医生跨行政区域行医违反规定的应按照哪些规定处理？该批复的制定依据是什么？请结合《乡村医生从业管理条例》的相关规定说明。
holdout1,CONF_Q087,2,2,2,2,True,False,False,CLEAN,《中华人民共和国中医药法》第二条规定中医药是包括汉族和少数民族医药在内的我国各民族医药的统称，而《中华人民共和国药品管理法》是规范药品研制、生产、经营、使用和监督管理的法律。请问：根据这两部法律，少数
holdout1,CONF_Q088,2,2,2,2,True,False,False,CLEAN,根据《计划生育技术服务管理条例》第三条的规定，国家向农村实行计划生育的育龄夫妻免费提供避孕、节育技术服务，所需经费由地方财政予以保障，中央财政对西部困难地区给予适当补助。那么，依据《中华人民共和国母婴
holdout1,CONF_Q089,2,2,2,2,True,False,False,CLEAN,根据《国家卫生计生委关于“撤村改居”后原乡村医生执业问题的批复》和《乡村医生从业管理条例》，对于“撤村改居”后已取得合法行医资格并在原村医疗卫生机构工作的乡村医生，在转型后的城市社区卫生服务机构注册执
holdout1,CONF_Q090,2,2,2,2,True,False,False,CLEAN,对于取得医师资格但未经执业注册而私自开展家庭接生造成人员死亡的情形，应当如何适用法律进行处理和移送？
holdout1,CONF_Q091,2,2,2,2,True,False,False,CLEAN,《中华人民共和国精神卫生法》在2018年4月27日进行了修正，该修正与《中华人民共和国国境卫生检疫法》的哪一次修正基于同一决定？该决定的全称是什么？
holdout1,CONF_Q092,2,2,2,2,True,False,False,CLEAN,根据卫生部《关于对穴位按摩治疗近视等有关问题的批复》（卫医发〔2004〕380号），利用药物和穴位按摩治疗近视、弱视等眼部疾病属于诊疗活动范畴，且任何单位和个人开展诊疗活动必须依法取得《医疗机构执业许
holdout1,CONF_Q093,2,2,2,2,True,False,False,CLEAN,《国务院关于加强食品等产品安全监督管理的特别规定》与《行政执法机关移送涉嫌犯罪案件的规定》在时间效力和衔接适用上应如何理解？请结合两个法规切片的公布施行时间及修订情况，说明在2020年8月7日之后，行
holdout1,CONF_Q094,2,2,2,2,True,False,False,CLEAN,根据《医疗事故处理条例》和《医疗机构管理条例》，医疗事故的行政处理与监督职责由哪些部门承担？具体而言，全国医疗机构的监督管理工作由哪个部门负责？
holdout1,CONF_Q095,2,2,2,2,True,False,False,CLEAN,某美容中医科医疗机构未登记整形美容手术科目，却为患者实施了“双侧咬肌部分切除术”。根据《关于医疗美容的七个批复文件》和《医疗机构管理条例》，该机构的行为应如何定性？并说明哪个部门有权对其进行监督查处？
holdout1,CONF_Q096,2,2,2,2,True,False,False,CLEAN,根据《关于对非法采供血液和单采血浆、非法行医专项整治工作中有关法律适用问题的批复》及相关批复，结合《医疗机构管理条例实施细则》第三条关于医疗机构类别的规定，在非法行医专项整治中，如何认定“非法行医”行
holdout1,CONF_Q097,2,2,2,2,True,False,True,CONTAMINATED_DOC086,根据《关于采供血机构管理有关事宜的批复（国卫医函[2018]35号）》所援引的卫法监发[2002]119号批复，医用X射线诊断机等设备是否属于计量器具？各级卫生行政部门对放射诊断、治疗设备进行检测管理
holdout1,CONF_Q098,2,2,2,2,True,False,False,CLEAN,某医疗美容机构持有的《医疗机构执业许可证》上仅登记了“美容中医科”作为诊疗科目，该机构实际开展了整形美容手术。卫生监督部门在查处时，应如何依据《卫生部关于中医执业的14个批复》和《医疗机构管理条例实施
holdout1,CONF_Q099,2,2,2,2,True,False,False,CLEAN,根据卫生部卫政法发〔2006〕105号批复和卫政法发〔2006〕483号批复，对于在教学医院实习的研究生，如果其取得医师资格但未经执业注册，在未单独从事医师执业活动的情况下，是否构成违法？如果该研究生
holdout1,CONF_Q100,2,2,2,2,True,False,False,CLEAN,根据《医疗机构管理条例实施细则》第三条（经修订）的规定，社区卫生服务中心和社区卫生服务站属于医疗机构的哪一类别？同时，依据《医疗机构管理条例》第五条，哪一级卫生行政部门负责对本行政区域内的此类医疗机构
holdout1,CONF_Q101,2,2,2,2,True,False,False,CLEAN,根据《中华人民共和国母婴保健法实施办法》和《医疗机构管理条例》，负责全国母婴保健工作的监督管理部门与负责全国医疗机构监督管理工作的部门是同一个吗？请结合两部法规的具体规定说明。
holdout1,CONF_Q102,2,2,2,2,True,False,False,CLEAN,某美容中医科医疗机构超范围开展整形美容手术，根据《卫生部关于中医执业的14个批复》应如何认定？同时，依据《医疗机构管理条例》，应由哪个部门负责对该机构的超范围执业行为进行监督管理？
holdout1,CONF_Q103,2,2,2,2,True,False,False,CLEAN,根据卫生部《关于对穴位按摩治疗近视等有关问题的批复》（卫医发〔2004〕380号）和《医疗机构管理条例》的规定，利用药物和穴位按摩治疗近视、弱视等眼部疾病是否属于诊疗活动？若属于，任何单位和个人开展此
holdout1,CONF_Q104,2,1,2,2,True,False,False,CLEAN,《中华人民共和国国境卫生检疫法》经过多次修正，其现行有效版本中，对于中华人民共和国边防机关与邻国边防机关之间在边境地区的往来，以及居住在两国边境接壤地区的居民在边境指定地区的临时往来，双方的交通工具和
holdout1,CONF_Q105,2,2,2,2,True,False,False,CLEAN,某内科执业医师未进行执业注册（未取得医师执业证书），但已在设有超声心动图检查室的心内科从事心血管疾病诊疗工作，并独立为患者进行超声心动图检查且出具了诊断报告。根据《关于心内科医师从事超声心动图检查有关
holdout1,CONF_Q106,2,2,2,2,True,False,False,CLEAN,根据《国家卫生计生委关于“撤村改居”后原乡村医生执业问题的批复》和《乡村医生从业管理条例》，对于“撤村改居”后已取得合法行医资格并在原村医疗卫生机构工作的乡村医生，在转型后的城市社区卫生服务机构注册执
holdout1,CONF_Q107,2,2,2,2,True,False,False,CLEAN,《食盐加碘消除碘缺乏危害管理条例》与《中华人民共和国食品安全法》在食盐加碘管理上如何衔接？若违反该条例的碘盐加工、运输和储存规定，应依据哪部法律及何种规定追究法律责任？
holdout1,CONF_Q108,2,2,2,2,True,False,False,CLEAN,根据《中华人民共和国母婴保健法》第四条的规定，国务院卫生行政部门主管全国母婴保健工作，并可根据不同地区情况提出分级分类指导原则。那么，作为下位法的《中华人民共和国母婴保健法实施办法》在2017年修订后
holdout1,CONF_Q109,2,2,2,2,True,False,False,CLEAN,根据《卫生部关于农村接生员和乡村医生执业行为相关问题的批复》和《乡村医生从业管理条例》，在《乡村医生从业管理条例》公布之前，乡村医生一般医疗服务的范围及一般医学处置的具体项目应如何确定？该条例的制定依
holdout1,CONF_Q110,2,2,2,2,True,False,False,CLEAN,某疫苗属于非免疫规划疫苗，用于预防某种乙类传染病。若国务院卫生行政部门经国务院批准，决定对该乙类传染病采取甲类传染病的预防、控制措施，那么该疫苗的研制、生产、流通和预防接种及其监督管理活动应如何适用法
holdout1,CONF_Q111,2,2,2,2,True,False,False,CLEAN,只开展单一疾病诊疗的医疗机构，若要以具体疾病名称作为识别名称并发布医疗广告，应由哪一级卫生行政部门核准？该核准权限与《医疗机构管理条例》第五条规定的医疗机构监督管理职责如何衔接？
holdout1,CONF_Q112,2,2,2,2,True,False,False,CLEAN,根据《流动人口计划生育工作条例》第二条对流动人口的界定，结合《中华人民共和国人口与计划生育法》第二条关于计划生育基本国策及综合措施的规定，判断下列人员中哪些属于流动人口，并说明国家对其开展计划生育工作
holdout1,CONF_Q113,2,2,2,2,True,False,False,CLEAN,《反兴奋剂条例》对兴奋剂管理作出了规定，而兴奋剂中的蛋白同化制剂、肽类激素等属于药品。根据《中华人民共和国药品管理法》的立法目的和监管要求，试分析《反兴奋剂条例》中兴奋剂管理的规定与《药品管理法》的衔
holdout1,CONF_Q114,2,2,2,2,True,False,False,CLEAN,取得香港居民身份证的内地乡村医生在内地行医期间发生医疗事故争议的，其执业资格是否继续有效？发生医疗事故争议应如何处理？该处理方式依据的是哪部法规？
holdout1,CONF_Q115,2,2,2,2,True,False,False,CLEAN,根据《关于对非法采供血液和单采血浆、非法行医专项整治工作中有关法律适用问题的批复》及相关批复，对于取得医师资格但未经执业注册的人员开展医师执业活动，以及医学生毕业后暂未取得医师资格从事诊疗活动，应如何
holdout1,CONF_Q116,2,2,2,2,True,False,False,CLEAN,根据《医疗事故处理条例》和《计划生育技术服务管理条例》，当计划生育技术服务中发生医疗事故时，应如何适用法规？具体而言，公民在享有避孕方法知情选择权并接受国家免费提供的避孕、节育技术服务过程中，若因医疗
holdout1,CONF_Q117,2,2,2,2,True,False,False,CLEAN,根据《卫生部关于药品经营机构申办医疗机构有关问题的批复》和《医疗机构管理条例》第五条的规定，药品经营机构能否在药品经营场所设置诊所或门诊部？请结合两个法规切片说明理由，并指出负责监督管理的行政部门。
holdout1,CONF_Q118,2,2,2,2,True,False,False,CLEAN,根据《卫生部关于对涉外婚前医学检查及有关问题请示的批复》和《中华人民共和国母婴保健法》，中国公民与外国人在中国境内结婚登记时，婚前医学检查的规定是否适用？若适用，关于婚前保健机构和技术人员的审批等若干
holdout1,CONF_Q119,2,1,2,2,True,False,False,CLEAN,《食盐加碘消除碘缺乏危害管理条例》经2017年修订后，对于经省、自治区、直辖市人民政府卫生行政部门、盐业主管机构确定为应当供应碘盐的非缺碘地区，应当适用该条例中哪些具体条款的规定？
holdout1,CONF_Q120,2,2,2,2,True,False,False,CLEAN,某医疗美容门诊部（属于《医疗机构管理条例实施细则》第三条规定的医疗机构类别中的“专科门诊部”）擅自开展“双侧咬肌部分切除术”。根据《关于医疗美容的七个批复文件》和《医疗机构管理条例实施细则》的相关规定
holdout1,CONF_Q121,2,2,2,2,True,False,False,CLEAN,根据《关于医疗广告审查中有关问题的批复》，只开展单一疾病诊疗的医疗机构在命名和发布医疗广告时有何特殊规定？结合《医疗机构管理条例实施细则》第三条关于医疗机构类别的规定，这类机构可能属于哪一类别？
holdout1,CONF_Q122,2,2,2,2,True,False,False,CLEAN,根据卫生部关于涉外婚前医学检查的批复，中国公民与外国人在中国境内结婚登记时是否需要进行婚前医学检查？如果需要，婚前保健机构和技术人员的审批应依据什么规定执行？
holdout1,CONF_Q123,2,2,2,2,True,False,False,CLEAN,根据《计划生育技术服务管理条例》第三条的规定，国家向农村实行计划生育的育龄夫妻免费提供避孕、节育技术服务，所需经费由地方财政予以保障，中央财政对西部困难地区给予适当补助。如果某农村育龄夫妻在接受此类免
holdout1,CONF_Q124,2,2,2,2,True,False,False,CLEAN,根据《卫生部关于超范围执业认定的五个批复》，医疗机构开展医疗美容项目时，若违反《医疗机构管理条例实施细则》第三条关于医疗机构类别的规定，是否构成超范围执业？请结合两个法规切片说明认定依据。
holdout1,CONF_Q125,2,2,2,2,True,False,False,CLEAN,《国内交通卫生检疫条例》的制定依据是《中华人民共和国传染病防治法》。根据该法第四条，对乙类传染病中传染性非典型肺炎、炭疽中的肺炭疽和人感染高致病性禽流感，应采取何种预防、控制措施？若需对其他乙类传染病
holdout1,CONF_Q126,2,2,2,2,True,False,False,CLEAN,根据《突发公共卫生事件应急条例》对突发公共卫生事件的定义，若某地突然发生群体性不明原因疾病，需要采取甲类传染病的预防、控制措施，应当由哪个部门报经国务院批准后予以公布、实施？解除该措施时又应遵循何种程
holdout1,CONF_Q127,2,2,2,2,True,False,False,CLEAN,根据《传染病防治法》第四条，对乙类传染病中传染性非典型肺炎、炭疽中的肺炭疽和人感染高致病性禽流感，采取甲类传染病的预防、控制措施。若某省、自治区、直辖市人民政府决定将本行政区域内常见、多发的其他地方性
holdout1,CONF_Q128,2,1,2,2,True,False,False,CLEAN,《艾滋病防治条例》的施行日期是哪一天？在该条例施行后，此前由卫生部、外交部、公安部、原国家教育委员会、国家旅游局、原中国民用航空局、国家外国专家局发布的哪一规定同时废止？
holdout1,CONF_Q129,2,2,2,2,True,False,False,CLEAN,根据《卫生部关于医疗广告审查中有关问题的批复》（卫医函〔2008〕25号），医疗广告审查中涉及医疗机构类别的认定时，应依据哪一法规的哪一条款？该条款规定的医疗机构类别具体包括哪些？
holdout1,CONF_Q130,2,2,2,2,True,False,False,CLEAN,《反兴奋剂条例》与《中华人民共和国食品安全法》在立法依据和修订程序上有何关联？请结合两部法规的公布/修订信息说明。
holdout1,CONF_Q131,2,2,2,2,True,False,False,CLEAN,《国内交通卫生检疫条例》的制定依据是《中华人民共和国传染病防治法》，而《中华人民共和国国境卫生检疫法》的制定依据是什么？请结合两个法规切片，说明《国内交通卫生检疫条例》与《中华人民共和国国境卫生检疫法
holdout1,CONF_Q132,2,2,2,2,True,False,False,CLEAN,根据《卫生部关于超范围执业认定的五个批复》，医疗机构违反规定开展相应级别的医疗美容项目应视为超范围执业。那么，对于此类超范围执业的医疗机构，应由哪些卫生行政部门依据《医疗机构管理条例》负责监督管理？
holdout1,CONF_Q133,2,2,2,2,True,False,False,CLEAN,根据《中华人民共和国母婴保健法》第四条的规定，国务院卫生行政部门主管全国母婴保健工作，并对全国母婴保健工作实施监督管理。现假设某乙类传染病（如传染性非典型肺炎）暴发，需要采取甲类传染病的预防、控制措施
holdout1,CONF_Q134,2,2,2,2,True,False,False,CLEAN,根据《关于全科医疗科诊疗范围的批复》，医疗机构核准登记的诊疗科目仅为全科医疗科却设置了外科、妇产科、口腔科等诊疗科目的，属于超范围执业，应当按照《医疗机构管理条例》第四十七条的规定进行行政处罚。那么，
holdout1,CONF_Q135,2,2,2,2,True,False,False,CLEAN,根据《医疗机构管理条例实施细则》第三条（经修订）的规定，社区卫生服务中心和社区卫生服务站属于医疗机构的哪一类别？同时，依据《医疗机构管理条例》第五条，哪一级卫生行政部门负责本行政区域内此类医疗机构的监
holdout1,CONF_Q136,2,2,2,2,True,True,False,CONTAMINATED_DOC034,根据《关于医疗美容的七个批复文件》，冷光美肤仪应作为哪类医疗器械管理？该分类决定依据了《医疗器械监督管理条例》中的什么规定？
holdout1,CONF_Q137,2,2,2,2,True,False,False,CLEAN,根据《卫生部关于对异地职业病诊断有关问题的批复》（卫法监发[2003]298号）和《中华人民共和国职业病防治法》的相关规定，劳动者在申请异地职业病诊断时，应遵循哪些程序？如果某一诊断机构已作出职业病诊
holdout1,CONF_Q138,2,2,2,2,True,False,False,CLEAN,根据《中华人民共和国疫苗管理法》和《中华人民共和国药品管理法》的规定，在中华人民共和国境内从事疫苗研制、生产、流通和预防接种及其监督管理活动，若《疫苗管理法》未作规定的，应当适用哪部法律？该适用关系在
holdout1,CONF_Q139,2,2,2,2,True,False,False,CLEAN,根据《计划生育技术服务管理条例》和《医疗机构管理条例》，农村实行计划生育的育龄夫妻免费获得避孕、节育技术服务时，提供该服务的医疗机构的监督管理工作由谁负责？
holdout1,CONF_Q140,2,2,2,2,True,False,False,CLEAN,《医疗纠纷预防和处理条例》第三条规定国家建立医疗质量安全管理体系以预防、减少医疗纠纷，而《医疗事故处理条例》作为国务院令第351号公布、2002年9月1日开始施行的行政法规，其目录中哪一章直接对应医疗
holdout1,CONF_Q141,2,2,2,2,True,False,False,CLEAN,根据《卫生部关于乡村医生执业的六个批复》中关于乡村医生跨行政区域行医的规定，乡村医生必须在何处执业？若违反该规定，应依据《医疗机构管理条例》的哪一条款进行处理？同时，根据《医疗机构管理条例》第五条的规
holdout1,CONF_Q142,2,2,2,2,True,False,False,CLEAN,在中华人民共和国境内，某医疗机构为患者实施了心脏移植手术，但手术过程中因医务人员过失导致患者死亡。请问：该心脏移植手术是否适用《人体器官移植条例》？若适用，该医疗事故的处理是否应依据《医疗事故处理条例
holdout1,CONF_Q143,2,2,2,2,True,False,False,CLEAN,根据《放射性同位素与射线装置安全和防护条例》第二条，在中华人民共和国境内生产、销售、使用放射性同位素和射线装置以及转让、进出口放射性同位素的，应当遵守该条例；而《中华人民共和国职业病防治法》经多次修正
holdout1,CONF_Q144,2,2,2,2,True,False,False,CLEAN,根据《医疗废物管理条例》和《中华人民共和国传染病防治法》，对于乙类传染病中的人感染高致病性禽流感，应当采取何种预防、控制措施？该措施与医疗废物管理有何关联？
holdout1,CONF_Q145,2,2,2,2,True,False,False,CLEAN,根据《艾滋病防治条例》和《公共场所卫生管理条例》，公共场所如宾馆、公共浴室、影剧院等是否属于艾滋病防治的公共场所？若属于，其卫生管理应遵循哪些规定？
holdout1,CONF_Q146,2,2,2,2,True,False,False,CLEAN,在中华人民共和国境内，对从事人体器官移植的医疗机构进行监督管理时，应当如何适用《人体器官移植条例》的适用范围规定，并依据《医疗机构管理条例》确定由哪个部门负责？
holdout1,CONF_Q147,2,2,2,2,True,False,False,CLEAN,根据《关于对非法采供血液和单采血浆、非法行医专项整治工作中有关法律适用问题的批复》中提及的非法行医情形，结合《中华人民共和国献血法》第六条的规定，若某单位未动员和组织本单位适龄公民参加献血，且该单位内
holdout1,CONF_Q148,2,2,2,2,True,False,False,CLEAN,根据《中华人民共和国食品安全法实施条例》第三条，国务院食品安全委员会负责分析食品安全形势、研究部署、统筹指导食品安全工作，提出食品安全监督管理的重大政策措施，督促落实食品安全监督管理责任。请问，该委员
holdout1,CONF_Q149,2,2,2,2,True,False,False,CLEAN,根据《关于取得助产士（师）资格人员不能认定执业医师资格的批复》及《护士条例》，取得助产士（师）资格的人员能否被认定为执业医师？同时，依据《护士条例》，对于到农村、基层医疗卫生机构工作的护士，政府应采取
holdout1,CONF_Q150,2,2,2,2,True,False,False,CLEAN,根据卫生部《关于产妇分娩后胎盘处理问题的批复》，产妇分娩后胎盘应当归谁所有？在什么情况下医疗机构可以处置胎盘？如果胎盘可能造成传染病传播，医疗机构应当如何处理？该处理方式与《医疗废物管理条例》有何衔接
holdout1,CONF_Q151,3,3,3,3,True,False,False,CLEAN,某市卫生局在审查一家新设立的社区卫生服务中心的医疗广告时，需要依据《卫生部关于医疗广告审查中有关问题的批复》判断该机构是否属于《医疗机构管理条例实施细则》第三条规定的医疗机构类别，同时须遵守《医疗机构
holdout1,CONF_Q152,3,2,3,3,True,True,False,CONTAMINATED_DOC034,某医疗美容机构使用冷光美肤仪开展除痤疮治疗，同时由仅登记美容中医科的科室实施整形美容手术，并超级别开展医疗美容项目。请问：该机构上述行为应如何定性？在医疗器械管理、执业范围认定及超范围执业处理上，分别
holdout1,CONF_Q153,3,3,3,3,True,False,False,CLEAN,某市卫生行政部门在监督检查中发现，一家经军队卫生主管部门批准设立的军队医疗机构，正在为一名中国公民与一名外国人办理结婚登记提供婚前医学检查服务。该机构声称其已取得军队卫生主管部门的执业许可，且涉外婚前
holdout1,CONF_Q154,3,1,3,3,True,False,False,CLEAN,《中华人民共和国国境卫生检疫法》自1986年公布后历经多次修正，请问：该法现行有效版本的修正沿革如何？该法第一章总则的立法目的和基本制度是什么？对于中华人民共和国边防机关与邻国边防机关之间在边境地区的
holdout1,CONF_Q155,3,3,3,3,True,False,False,CLEAN,某省发生一起案件：一名已取得医师资格但未经执业注册的人员私自开展家庭接生，造成孕妇及新生儿死亡。在追究其法律责任并处理相关医疗机构时，需要综合适用《卫生部关于未经执业注册医师私自开展家庭接生造成人员死
holdout1,CONF_Q156,3,3,3,3,True,False,False,CLEAN,某养生保健机构未取得《医疗机构执业许可证》，使用穴位按摩方法治疗顾客的近视和弱视，并收取费用。该机构所在地为安徽省某县。请问：1. 该机构的行为是否属于诊疗活动？依据是什么？2. 该机构若合法开展诊疗
holdout1,CONF_Q157,3,3,3,3,True,False,False,CLEAN,某患者在接受人体器官移植手术时发生医疗事故，该手术由军队医疗机构实施。请问：1）根据《人体器官移植条例》第一章总则，该条例的适用范围是否涵盖军队医疗机构？2）根据《医疗事故处理条例》，处理该医疗事故时
holdout1,CONF_Q158,3,2,3,3,True,False,False,CLEAN,根据《中华人民共和国母婴保健法》的立法依据与主管部门职责，以及《中华人民共和国传染病防治法》关于乙类传染病采取甲类防控措施的规定，请回答：国务院卫生行政部门在母婴保健工作中行使哪些主要职权？同时，在传
holdout1,CONF_Q159,3,3,3,3,True,False,False,CLEAN,某县卫生健康局在调查一起因计划生育节育手术引发的医疗纠纷时，需要同时适用《医疗纠纷预防和处理条例》《医疗事故处理条例》和《计划生育技术服务管理条例》。请结合三部法规的切片内容回答：该局在总则依据、事故
holdout1,CONF_Q160,3,2,3,3,True,False,False,CLEAN,某市卫生健康委员会在开展艾滋病防治专项检查时，发现一家宾馆未在公共场所内放置安全套或者设置安全套发售设施，同时该宾馆的经营者辩称其不属于《艾滋病防治条例》规定的公共场所范围。请结合《艾滋病防治条例》的
holdout1,CONF_Q161,3,2,3,3,True,False,False,CLEAN,某省卫生健康行政部门在2023年处理一起涉及计划生育技术服务的医疗事故争议时，需要同时适用《医疗事故处理条例》和《计划生育技术服务管理条例》。请结合《医疗事故处理条例》的施行时间、其第一章总则的立法目
holdout1,CONF_Q162,3,3,3,3,True,False,False,CLEAN,某市卫生健康行政部门在执法检查中发现：一名中国公民与一名外国人拟在该市办理结婚登记，但未进行婚前医学检查；同时，该市某计划生育技术服务机构向农村育龄夫妻免费提供避孕节育技术服务，并声称其服务依据是《计
holdout1,CONF_Q163,3,2,3,3,True,False,False,CLEAN,某乡村医生原在甲村卫生室执业并持有有效《乡村医生执业证书》。后因城区扩大，甲村实施“撤村改居”，原村卫生室转型为城市社区卫生服务机构，该乡村医生继续在该机构注册执业。现其执业证书有效期满，卫生行政部门
holdout1,CONF_Q164,3,3,3,3,True,False,False,CLEAN,某产妇在医疗机构分娩后，胎盘可能造成传染病传播。根据《关于产妇分娩后胎盘处理问题的批复》《中华人民共和国母婴保健法实施办法》和《计划生育技术服务管理条例》，请回答：1. 该胎盘的所有权归属及医疗机构处
holdout1,CONF_Q165,3,3,3,3,True,False,False,CLEAN,某省卫生健康委员会在2023年开展母婴保健与计划生育技术服务专项检查时，发现某县级妇幼保健机构同时存在以下问题：未按《母婴保健法实施办法》要求提供婚前保健服务；未保障农村育龄夫妻免费获得避孕、节育技术
holdout1,CONF_Q166,3,2,3,3,True,False,False,CLEAN,某乡村医生原在甲村医疗卫生机构执业并已取得合法行医资格。后该村实施“撤村改居”，原村医疗卫生机构转型为城市社区卫生服务机构，该乡村医生继续在转型后的机构注册执业。现其乡村医生执业证书有效期满，卫生行政
holdout1,CONF_Q167,3,3,3,3,True,False,False,CLEAN,某省甲市近期发现一种突发原因不明的传染病，经评估需要采取甲类传染病的预防、控制措施。同时，该市部分军队医疗机构也承担着母婴保健服务。请问：1）对该突发原因不明的传染病采取甲类传染病预防、控制措施，应当
holdout1,CONF_Q168,3,3,3,3,True,False,False,CLEAN,某省行政区域内近期出现一种常见、多发的其他地方性传染病，经评估需要按照乙类传染病管理。省人民政府根据《中华人民共和国传染病防治法》决定将该病按照乙类传染病管理并予以公布。请问：该省在公布后应履行何种备
holdout1,CONF_Q169,3,3,3,3,True,False,False,CLEAN,某省人民政府拟将本行政区域内一种常见、多发的其他地方性传染病，决定按照乙类传染病管理并予以公布，同时要求该省各级卫生行政部门据此对辖区内所有医疗机构（含军队医疗机构）的传染病防治和医疗废物处置工作加强
holdout1,CONF_Q170,3,3,3,3,True,False,False,CLEAN,某省卫生健康委员会在监督检查中发现，一家军队医疗机构在开展计划生育技术服务时发生医疗事故。请问：1）根据《计划生育技术服务管理条例》，该条例第一章总则对计划生育技术服务的管理体制作出了何种原则性规定？
holdout1,CONF_Q171,3,3,3,3,True,False,False,CLEAN,某农村育龄夫妻在县级医疗机构接受计划生育技术服务时，因医疗事故受到损害。该医疗机构同时属于军队医疗机构，且该医疗事故的行政处理涉及计划生育技术服务免费政策。请结合《医疗事故处理条例》《计划生育技术服务
holdout1,CONF_Q172,3,3,3,3,True,False,False,CLEAN,某省卫生行政部门在审批一家只开展单一疾病诊疗的医疗机构时，拟核准其以具体疾病名称作为识别名称，并允许其在发布医疗广告时于相应诊疗科目后注明专科疾病名称。请结合《关于医疗广告审查中有关问题的批复》《医疗
holdout1,CONF_Q173,3,3,3,3,True,False,False,CLEAN,某县卫生健康局在专项整治中发现：①王某已取得医师资格但未经执业注册，在某中医诊所内独立开展针灸诊疗活动，后患者因针灸导致肺脏破裂死亡；②该中医诊所已取得《医疗机构执业许可证》，但未配备注册医师；③该诊
holdout1,CONF_Q174,3,3,3,3,True,False,False,CLEAN,某产妇在医疗机构分娩后，胎盘经检测可能造成传染病传播。产妇未明确表示放弃或捐献胎盘。医疗机构应当如何处理该胎盘？请结合《关于产妇分娩后胎盘处理问题的批复》《医疗废物管理条例》和《中华人民共和国传染病防
holdout1,CONF_Q175,3,2,3,3,True,False,False,CLEAN,《中华人民共和国母婴保健法实施办法》的制定依据、总则要求与《中华人民共和国母婴保健法》第四条规定的母婴保健工作管理体制如何衔接？请结合《实施办法》的公布修订信息、第一章总则内容以及《母婴保健法》第四条
holdout1,CONF_Q176,3,2,3,3,True,False,False,CLEAN,某医疗机构拟在中华人民共和国境内开展一项医疗技术，该技术涉及摘取捐献人具有特定功能的心脏并植入接受人体内以代替其病损心脏。该机构在申请开展此项技术时，需要同时考虑《人体器官移植条例》和《医疗机构管理条
holdout1,CONF_Q177,3,2,3,3,True,False,False,CLEAN,某省卫生健康委员会在监督检查中发现一家登记为美容中医科的医疗美容机构开展了“双侧咬肌部分切除术”，该机构辩称其已取得《医疗机构执业许可证》且美容中医科属于医疗美容科目，同时该机构还使用冷光美肤仪为患者
holdout1,CONF_Q178,3,2,3,3,True,False,False,CLEAN,某地拟新设一家为社区居民提供基本医疗和公共卫生服务的非营利性医疗机构，在确定其机构类别、判断该细则的制定依据以及明确各级卫生行政部门的监督管理职责时，应当如何依据《医疗机构管理条例实施细则》第三条（含
holdout1,CONF_Q179,3,2,3,3,True,False,False,CLEAN,某地拟新设一家“社区卫生服务站”，在办理设置审批和监督管理时，需要依据《医疗机构管理条例实施细则》第三条（经修订）确定其是否属于医疗机构类别，并依据《医疗机构管理条例实施细则》第一条说明该细则的制定依
holdout1,CONF_Q180,3,3,3,3,True,False,False,CLEAN,中国公民与外国人在中国境内办理结婚登记时，婚前医学检查是否适用《母婴保健法》？若适用，应由哪些机构和技术人员实施？该事项的全国监督管理职责由哪个部门承担，并依据什么原则进行分级分类指导？请结合《卫生部
holdout1,CONF_Q181,3,2,3,3,True,False,False,CLEAN,《中华人民共和国母婴保健法实施办法》由国务院卫生行政部门制定并经国务院批准公布，其第一章总则对母婴保健工作监督管理职责作出了原则性规定；而《医疗机构管理条例》第五条则对全国及地方医疗机构的监督管理体制
holdout1,CONF_Q182,3,2,3,3,True,False,False,CLEAN,某县市场监督管理局在2023年5月对一家食品生产企业进行监督检查时，发现该企业生产的食品中添加了可能严重危害人体健康的非食用物质，涉嫌构成生产、销售有毒、有害食品罪。该局拟将此案移送公安机关。请结合《
holdout1,CONF_Q183,3,2,3,3,True,False,False,CLEAN,《反兴奋剂条例》自2004年公布后历经三次修订，其第一章总则对兴奋剂管理体制作出规定；而《中华人民共和国药品管理法》自1984年通过后也历经多次修订，其总则对药品监督管理体制作出规定。请结合《反兴奋剂
holdout1,CONF_Q184,3,2,3,3,True,False,False,CLEAN,某地突然发生群体性不明原因疾病，经初步评估可能构成突发公共卫生事件。请问：根据《突发公共卫生事件应急条例》和《中华人民共和国传染病防治法》的衔接规定，该事件是否属于突发公共卫生事件？若需要对该疾病采取
holdout1,CONF_Q185,3,3,3,3,True,False,False,CLEAN,某市卫生行政部门在监督检查中发现，一家经批准开展涉外婚前医学检查的医疗机构，其婚前医学检查对象包括中国公民与外国人结婚的情形。该机构辩称《母婴保健法》关于婚前医学检查的规定不适用于涉外婚姻，且其审批和
holdout1,CONF_Q186,3,2,3,3,True,False,False,CLEAN,根据《计划生育技术服务管理条例》的立法目的和基本原则，结合《医疗机构管理条例》的监督管理体制，回答：计划生育技术服务中，国家向农村实行计划生育的育龄夫妻免费提供避孕、节育技术服务的经费保障机制是什么？
holdout1,CONF_Q187,3,3,3,3,True,False,False,CLEAN,某市卫生健康行政部门在执法检查中发现：一名中国公民与一名外国人拟在该市办理结婚登记，但未进行婚前医学检查；同时，该市某计划生育技术服务机构向农村育龄夫妻免费提供避孕节育技术服务，并声称其服务依据是《计
holdout1,CONF_Q188,3,3,3,3,True,False,False,CLEAN,某产妇在分娩后，医疗机构发现其胎盘可能造成传染病传播。根据《关于产妇分娩后胎盘处理问题的批复》《医疗纠纷预防和处理条例》和《医疗事故处理条例》，请回答：1）该胎盘的所有权归属及医疗机构在何种条件下可以
holdout1,CONF_Q189,3,3,3,3,True,False,False,CLEAN,某医疗美容门诊部（类别为专科门诊部）登记诊疗科目仅为美容中医科，实际由美容中医科医师开展了“双侧咬肌部分切除术”。该行为同时涉及项目级别、执业范围与机构类别管理。请结合《关于医疗美容的七个批复文件》《
holdout1,CONF_Q190,3,2,3,3,True,False,False,CLEAN,某省A市（非检疫传染病疫区）在国际通航港口所在城市发现一例传染性非典型肺炎病例，同时该市有一列列车即将驶往另一非疫区B市。请问：1）对该列车及其乘运人员、物资是否应实施交通卫生检疫？依据何在？2）对传
holdout1,CONF_Q191,3,3,3,3,True,False,False,CLEAN,某省A市近期出现一种突发原因不明的传染病，经省级人民政府决定，将该传染病按照乙类传染病管理并予以公布，同时报国务院卫生行政部门备案。为控制该传染病通过交通工具传播，A市卫生行政部门拟对辖区内某医疗机构
holdout1,CONF_Q192,3,2,3,3,True,False,False,CLEAN,根据《医疗纠纷预防和处理条例》第三条、第一条以及《医疗事故处理条例》的公布与施行信息，请综合回答：我国医疗纠纷预防与处理制度在立法目的、体系构建和施行时间衔接上如何体现协同关系？具体而言，国家建立医疗
holdout1,CONF_Q193,3,3,3,3,True,False,False,CLEAN,某医学院校研究生王某已取得医师资格但未进行执业注册，在未取得医师执业证书的情况下，其先在某教学医院实习期间单独接诊了一名患者，后又私自前往患者家中开展家庭接生，造成孕妇及新生儿死亡。请结合《关于张安医
holdout1,CONF_Q194,3,3,3,3,True,False,False,CLEAN,某省卫生健康委员会在2025年开展医疗与计划生育技术服务综合执法检查时，发现某医疗机构存在以下情形：一是未取得人体器官移植资质却实施了1例肝脏移植手术，术后患者因排斥反应死亡；二是该机构在实施计划生育
holdout1,CONF_Q195,3,3,3,3,True,False,False,CLEAN,某市卫生健康委员会在监督检查中发现，一家经批准设置的“社区卫生服务站”开展了属于《医疗美容项目分级管理目录》中规定应由美容医院或三级医院才能开展的三级医疗美容项目。该社区卫生服务站辩称其《医疗机构执业
holdout1,CONF_Q196,3,3,3,3,True,False,False,CLEAN,某美容中医科医疗机构（诊疗科目仅登记为美容中医科）在未增设相应诊疗科目情况下，由一名执业注册为中医专业、从事中医妇产科临床工作并已取得计划生育技术服务相应资质的医师，为患者实施了整形美容手术和计划生育
holdout1,CONF_Q197,3,2,3,3,True,False,False,CLEAN,某省药品监督管理部门在查处一起非法生产非免疫规划疫苗案件时，发现该疫苗属于《中华人民共和国疫苗管理法》规定的疫苗，但该法对某一具体生产管理事项未作规定。请问：1. 根据《疫苗管理法》的适用范围和定义，
holdout1,CONF_Q198,3,3,3,3,True,False,False,CLEAN,某产妇在医疗机构分娩后，胎盘可能造成传染病传播。根据《关于产妇分娩后胎盘处理问题的批复》《中华人民共和国母婴保健法实施办法》和《中华人民共和国母婴保健法》的相关规定，请回答：1）该胎盘的所有权归属及处
holdout1,CONF_Q199,3,3,3,3,True,False,False,CLEAN,某农村育龄夫妻在乡卫生院接受免费避孕节育技术服务时，因医师操作不当导致受术者子宫穿孔并需住院治疗。该夫妻认为属于医疗事故，要求赔偿。请结合《母婴保健法实施办法》《计划生育技术服务管理条例》《医疗事故处
holdout1,CONF_Q200,3,3,3,3,True,False,False,CLEAN,某心内科医师已在设有超声心动图检查室的心内科执业，注册执业范围为内科专业并从事心血管疾病诊疗工作，但尚未注册取得医师执业证书。若其独立为患者进行超声心动图检查并出具诊断报告，后因操作失误造成患者人身损
holdout2,H2_001,1,1,1,1,True,False,False,CLEAN,根据《麻醉药品和精神药品管理条例》，发生麻醉药品和精神药品被盗、被抢、丢失或者其他流入非法渠道的情形时，案发单位应当立即采取什么措施并报告哪些部门？
holdout2,H2_002,1,1,1,1,True,False,False,CLEAN,根据《反兴奋剂条例》，申请出口蛋白同化制剂、肽类激素时，省、自治区、直辖市人民政府药品监督管理部门应当自收到申请之日起多少个工作日内作出决定？
holdout2,H2_003,1,1,1,1,True,False,False,CLEAN,根据《血吸虫病防治条例》，县级以上人民政府农业或者兽医主管部门在血吸虫病重点防治地区应当引导和扶持养殖结构的调整，推行对牛、羊、猪等家畜的什么措施？
holdout2,H2_004,1,1,1,1,True,False,False,CLEAN,根据《中华人民共和国疫苗管理法》，生产、销售的疫苗属于假药，或者生产、销售的疫苗属于劣药且情节严重的，对法定代表人、主要负责人、直接负责的主管人员和关键岗位人员以及其他责任人员，除没收违法行为发生期间
holdout2,H2_005,1,1,1,1,True,False,False,CLEAN,根据《中华人民共和国中医药法》，医疗机构委托配制中药制剂时，应当向哪个部门备案？
holdout2,H2_006,1,1,1,1,True,False,False,CLEAN,根据《医疗机构管理条例实施细则》，医疗美容的定义是什么？
holdout2,H2_007,1,1,1,1,True,False,False,CLEAN,根据《护士条例》，申请护士执业注册的，应当向哪个部门提出申请？
holdout2,H2_008,1,1,1,1,True,False,False,CLEAN,根据《中华人民共和国食品安全法》，生产保健食品、特殊医学用途配方食品、婴幼儿配方食品和其他专供特定人群的主辅食品的企业，应当向所在地哪一级人民政府食品安全监督管理部门提交自查报告？
holdout2,H2_009,1,1,1,1,True,False,False,CLEAN,根据《中华人民共和国中医药法》，县级以上人民政府及其有关部门制定基本医疗保险支付政策、药物政策等医药卫生政策时，应当有什么部门参加？
holdout2,H2_010,1,1,1,1,True,False,False,CLEAN,根据《麻醉药品和精神药品管理条例》，发生麻醉药品和精神药品被盗、被抢、丢失案件的单位，违反本条例的规定未采取必要的控制措施或者未依照本条例的规定报告的，情节严重的，应处以何种罚款？
holdout2,H2_011,1,1,1,1,True,False,False,CLEAN,根据《中华人民共和国生物安全法》，病原微生物实验室对使用后的实验动物应当采取哪些管理措施？
holdout2,H2_012,1,1,1,1,True,False,False,CLEAN,根据《麻醉药品和精神药品管理条例》，依法取得麻醉药品药用原植物种植或者麻醉药品和精神药品实验研究、生产、经营、使用、运输等资格的单位，倒卖、转让、出租、出借、涂改其麻醉药品和精神药品许可证明文件的，由
holdout2,H2_013,1,1,1,1,True,False,False,CLEAN,根据《计划生育技术服务管理条例》，买卖、出借、出租或者涂改、伪造计划生育技术服务执业许可证明文件的，违法所得3000元以上的，应如何处罚？
holdout2,H2_014,1,1,1,1,True,False,False,CLEAN,根据《中华人民共和国食品安全法》，网络食品交易第三方平台提供者发现入网食品经营者有违反本法规定行为时，应当采取哪些措施？
holdout2,H2_015,1,1,1,1,True,False,False,CLEAN,根据《中华人民共和国传染病防治法》，饮用水供水单位供应的饮用水不符合国家卫生标准和卫生规范，导致或者可能导致传染病传播、流行的，由哪个部门责令限期改正，没收违法所得，可以并处多少罚款？
holdout2,H2_016,1,1,1,1,True,False,False,CLEAN,根据《中华人民共和国基本医疗卫生与健康促进法》，社会力量举办的非营利性医疗卫生机构在税收、财政补助、用地、用水、用电、用气、用热等方面享受什么政策？
holdout2,H2_017,1,1,1,1,True,False,False,CLEAN,根据《中华人民共和国中医药法》，县级以上人民政府中医药主管部门应当将哪些事项作为对中医药服务监督检查的重点？
holdout2,H2_018,1,1,1,1,True,False,False,CLEAN,根据《中华人民共和国职业病防治法》，发现危及劳动者生命健康的情形时，工会组织有权向用人单位提出什么建议，用人单位应当如何处理？
holdout2,H2_019,1,1,1,1,True,False,False,CLEAN,根据《中华人民共和国食品安全法》，食品生产经营者在生产经营条件发生变化，不再符合食品安全要求时，应当采取什么措施？
holdout2,H2_020,1,1,1,1,True,True,False,CONTAMINATED_DOC034,根据《医疗器械监督管理条例》，红十字标志的标明使用是标示什么？其使用办法由谁依据本法规定？
holdout2,H2_021,1,1,1,1,True,False,False,CLEAN,根据《中华人民共和国药品管理法》，经国务院药品监督管理部门核准的药品质量标准高于国家药品标准的，应当按照什么标准执行？
holdout2,H2_022,1,1,1,1,True,False,False,CLEAN,根据《放射性同位素与射线装置安全和防护条例》，使用放射性同位素和射线装置进行放射诊疗的医疗卫生机构应当依据什么制定质量保证方案？
holdout2,H2_023,1,1,1,1,True,False,False,CLEAN,根据《护士条例》，护士执业注册申请应当自通过护士执业资格考试之日起多长时间内提出？
holdout2,H2_024,1,1,1,1,True,False,False,CLEAN,根据《中华人民共和国疫苗管理法》，疾病预防控制机构配送非免疫规划疫苗收取储存、运输费用的具体办法和收费标准分别由哪些部门制定？
holdout2,H2_025,1,1,1,1,True,False,False,CLEAN,根据《中华人民共和国基本医疗卫生与健康促进法》，急救中心（站）能否以未付费为由拒绝或者拖延为急危重症患者提供急救服务？
holdout2,H2_026,1,1,1,1,True,False,False,CLEAN,根据《中华人民共和国食品安全法》，进口尚无食品安全国家标准的食品，由谁向国务院卫生行政部门提交所执行的相关国家（地区）标准或者国际标准？
holdout2,H2_027,1,1,1,1,True,False,False,CLEAN,根据《中华人民共和国生物安全法》，医疗机构、专业机构及其工作人员发现传染病、动植物疫病或者不明原因的聚集性疾病时，应当如何处置？
holdout2,H2_028,1,1,1,1,True,False,False,CLEAN,根据《血吸虫病防治条例》，县级以上人民政府卫生、农业或者兽医、水利、林业主管部门在监督检查过程中，发现违反或者不执行本条例规定的，应当如何处理？
holdout2,H2_029,1,1,1,1,True,False,False,CLEAN,根据《中华人民共和国药品管理法》，医疗机构配制的制剂应当满足什么条件？
holdout2,H2_030,1,1,1,1,True,False,False,CLEAN,根据《中华人民共和国食品安全法》，食品生产企业建立食品出厂检验记录制度时，应当如实记录哪些内容？
holdout2,H2_031,1,1,1,1,True,False,False,CLEAN,根据《医疗事故处理条例》，在紧急情况下为抢救垂危患者生命而采取紧急医学措施造成不良后果的，是否属于医疗事故？
holdout2,H2_032,1,1,1,1,True,False,False,CLEAN,根据《突发公共卫生事件应急条例》，突发事件监测机构、医疗卫生机构和有关单位发现有本条例第十九条规定情形之一的，应当在多长时间内向所在地县级人民政府卫生行政主管部门报告？
holdout2,H2_033,1,1,1,1,True,False,False,CLEAN,根据《麻醉药品和精神药品管理条例》，定点生产企业生产麻醉药品和精神药品，应当依照药品管理法的规定取得什么？
holdout2,H2_034,1,1,1,1,True,False,False,CLEAN,根据《中华人民共和国医师法》，医疗卫生机构应当如何保证本机构医师接受继续医学教育？
holdout2,H2_035,1,1,1,1,True,False,False,CLEAN,根据《中华人民共和国精神卫生法》，社区卫生服务机构、乡镇卫生院、村卫生室应当对在家居住的严重精神障碍患者进行哪些具体工作？
holdout2,H2_036,1,1,1,1,True,False,False,CLEAN,根据《中华人民共和国生物安全法》，未经批准，擅自释放或者丢弃外来物种的，由县级以上人民政府有关部门根据职责分工采取什么措施并处以多少罚款？
holdout2,H2_037,1,1,1,1,True,False,False,CLEAN,根据《计划生育技术服务管理条例》，县级以上人民政府卫生行政部门负责对哪些机构的计划生育技术服务工作进行监督管理？
holdout2,H2_038,1,1,1,1,True,False,False,CLEAN,根据《中华人民共和国食品安全法》，餐具、饮具集中消毒服务单位对消毒餐具、饮具进行逐批检验后，需要满足什么条件方可出厂，并应当随附什么证明？
holdout2,H2_039,1,1,1,1,True,False,False,CLEAN,根据《突发公共卫生事件应急条例》，县级以上各级人民政府有关部门拒不履行应急处理职责，造成传染病传播、流行或者对社会公众健康造成其他严重危害后果的，依法给予什么行政处分？
holdout2,H2_040,1,1,1,1,True,False,False,CLEAN,根据《行政执法机关移送涉嫌犯罪案件的规定》，行政执法机关对易腐烂、变质等不宜或者不易保管的涉案物品应当如何处理？
holdout2,H2_041,1,1,1,1,True,False,False,CLEAN,根据《中华人民共和国食品安全法实施条例》，食品生产经营者的生产经营行为不符合食品安全法第三十三条第一款第五项、第七项至第十项的规定，或者不符合有关食品生产经营过程要求的食品安全国家标准的，应当依照哪些
holdout2,H2_042,1,1,1,1,True,False,False,CLEAN,根据《医疗事故处理条例》，负责组织医疗事故技术鉴定工作的医学会聘请医疗卫生专业技术人员和法医进入专家库，是否可以不受行政区域的限制？
holdout2,H2_043,1,1,1,1,True,False,False,CLEAN,根据《中华人民共和国基本医疗卫生与健康促进法》，公共场所经营单位应当如何保证其经营活动持续符合国家对公共场所的卫生要求？
holdout2,H2_044,1,1,1,1,True,False,False,CLEAN,根据《医疗废物管理条例》，医疗卫生机构将未达到国家规定标准的污水、传染病病人或者疑似传染病病人的排泄物排入城市排水管网的，由哪个部门责令限期改正，给予警告，并处多少罚款？
holdout2,H2_045,1,1,1,1,True,False,False,CLEAN,根据《护士条例》，对在艰苦边远地区工作，或者从事直接接触有毒有害物质、有感染传染病危险工作的护士，所在医疗卫生机构应当如何对待？
holdout2,H2_046,1,1,1,1,True,False,False,CLEAN,根据《中华人民共和国精神卫生法》，精神障碍患者通过基本医疗保险支付医疗费用后仍有困难，或者不能通过基本医疗保险支付医疗费用的，哪个部门应当优先给予医疗救助？
holdout2,H2_047,1,1,1,1,True,False,False,CLEAN,根据《中华人民共和国职业病防治法》，劳动者不履行学习和掌握相关职业卫生知识、增强职业病防范意识、遵守职业病防治法律、法规、规章和操作规程、正确使用、维护职业病防护设备和个人使用的职业病防护用品、发现职
holdout2,H2_048,1,1,1,1,True,False,False,CLEAN,根据《中华人民共和国人口与计划生育法》，各级人民政府应当对哪些地区开展人口与计划生育工作给予重点扶持？
holdout2,H2_049,1,1,1,1,True,False,False,CLEAN,根据《中华人民共和国食品安全法》，认证机构出具虚假认证结论，使消费者的合法权益受到损害的，应当与谁承担什么责任？
holdout2,H2_050,1,1,1,1,True,False,False,CLEAN,根据《计划生育技术服务管理条例》，设区的市级以上地方人民政府计划生育行政部门应当自《国务院关于修改＜计划生育技术服务管理条例＞的决定》施行之日起多长时间内，对本行政区域内已经获得批准开展本条例第九条规
holdout2,H2_051,1,1,1,1,True,False,False,CLEAN,根据《病原微生物实验室生物安全管理条例》，实验室工作人员出现与本实验室从事的高致病性病原微生物相关实验活动有关的感染临床症状或者体征时，实验室负责人应当履行哪些报告和就诊安排职责？
holdout2,H2_052,1,1,1,1,True,False,False,CLEAN,根据《中华人民共和国精神卫生法》，县级以上人民政府在精神卫生工作方面的职责包括哪些？
holdout2,H2_053,1,1,1,1,True,False,False,CLEAN,根据《突发公共卫生事件应急条例》，传染病暴发、流行时，街道、乡镇以及居民委员会、村民委员会应当组织力量，团结协作，群防群治，协助卫生行政主管部门和其他有关部门、医疗卫生机构做好哪些工作？
holdout2,H2_054,1,1,1,1,True,False,False,CLEAN,根据《流动人口计划生育工作条例》，房屋租赁中介机构、房屋的出租（借）人和物业服务企业等有关组织或者个人未依照本条例规定如实提供流动人口信息的，由哪个机关责令改正并予以批评教育？
holdout2,H2_055,1,1,1,1,True,False,False,CLEAN,根据《医疗机构管理条例》，医疗机构施行手术、特殊检查或者特殊治疗时，在无法取得患者意见又无家属或者关系人在场，或者遇到其他特殊情况时，应当如何实施？
holdout2,H2_056,1,1,1,1,True,False,False,CLEAN,根据《医疗事故处理条例》，专家鉴定组成员不得接受什么？
holdout2,H2_057,1,1,1,1,True,False,False,CLEAN,根据《中华人民共和国人口与计划生育法》，夫妻双方户籍所在地的省、自治区、直辖市之间关于再生育子女的规定不一致的，应当如何处理？
holdout2,H2_058,1,1,1,1,True,False,False,CLEAN,根据《中华人民共和国药品管理法》，依法实行市场调节价的药品，药品上市许可持有人、药品生产企业、药品经营企业和医疗机构在制定价格时应当遵循什么原则？
holdout2,H2_059,1,1,1,1,True,False,False,CLEAN,根据《中华人民共和国药品管理法》，药品上市许可持有人在省、自治区、直辖市人民政府药品监督管理部门责令其召回后拒不召回的，应如何处罚？
holdout2,H2_060,1,1,1,1,True,False,False,CLEAN,根据《血吸虫病防治条例》，血吸虫病防治地区县级人民政府对参加防汛、抗洪抢险的人员，应当及时组织有关部门和机构进行什么？
holdout2,H2_061,1,1,1,1,True,False,False,CLEAN,根据《医疗事故处理条例》，对于无固定收入的患者的误工费，应按照什么标准计算？
holdout2,H2_062,1,1,1,1,True,False,False,CLEAN,根据《中华人民共和国传染病防治法》，中国人民解放军卫生主管部门发现传染病疫情时，应当向哪个部门通报？
holdout2,H2_063,1,1,1,1,True,False,False,CLEAN,根据《中华人民共和国传染病防治法》，在国家确认的自然疫源地兴建水利、交通、旅游、能源等大型建设项目，未经卫生调查进行施工的，由县级以上人民政府卫生行政部门责令限期改正，给予警告，并处多少罚款？
holdout2,H2_064,1,1,1,1,True,False,False,CLEAN,根据《医疗机构管理条例实施细则》，医疗机构有哪些情形之一的，登记机关可以根据情况，给予一至六个月的暂缓校验期？
holdout2,H2_065,1,1,1,1,True,False,False,CLEAN,根据《医疗纠纷预防和处理条例》，在患者处于昏迷等无法自主作出决定的状态或者病情不宜向患者说明等情形下，医务人员应当向谁说明并取得其书面同意？
holdout2,H2_066,1,1,1,1,True,False,False,CLEAN,根据《突发公共卫生事件应急条例》，对因参与应急处理工作致病、致残、死亡的人员，应当如何处理？
holdout2,H2_067,1,1,1,1,True,False,False,CLEAN,根据《麻醉药品和精神药品管理条例》，区域性批发企业经所在地省、自治区、直辖市人民政府药品监督管理部门批准后，可以从哪里购进麻醉药品和第一类精神药品？
holdout2,H2_068,1,1,1,1,True,False,False,CLEAN,根据《血吸虫病防治条例》，血吸虫病防治地区两个以上的省、自治区、直辖市需要同步实施血吸虫病防治措施的，其联防联控方案应当如何制定和实施？
holdout2,H2_069,1,1,1,1,True,False,False,CLEAN,根据《中华人民共和国疫苗管理法》，药品监督管理部门、卫生健康主管部门等部门在疫苗监督管理工作中有哪些情形时，对直接负责的主管人员和其他直接责任人员依法给予降级或者撤职处分？
holdout2,H2_070,1,1,1,1,True,False,False,CLEAN,根据《麻醉药品和精神药品管理条例》，麻醉药品药用原植物种植企业、定点生产企业、全国性批发企业和区域性批发企业以及国家设立的麻醉药品储存单位设置的储存麻醉药品和第一类精神药品的专库应当符合哪些要求？
holdout2,H2_071,1,1,1,1,True,False,False,CLEAN,根据《医疗纠纷预防和处理条例》，医疗机构将未通过技术评估和伦理审查的医疗新技术应用于临床的，对有关医务人员应如何处罚？
holdout2,H2_072,1,1,1,1,True,False,False,CLEAN,根据《医疗机构管理条例》，申请医疗机构执业登记应当具备的条件中，关于经费、设施、设备和专业卫生技术人员的要求是什么？
holdout2,H2_073,1,1,1,1,True,False,False,CLEAN,根据《医疗用毒性药品管理办法》，收购、经营、加工、使用毒性药品的单位必须建立健全哪些制度？
holdout2,H2_074,1,1,1,1,True,False,False,CLEAN,根据《反兴奋剂条例》，实施运动员注册管理的体育社会团体应当对在本团体注册的运动员和教练、领队、队医等运动员辅助人员履行哪些职责？
holdout2,H2_075,1,1,1,1,True,False,False,CLEAN,根据《病原微生物实验室生物安全管理条例》，为了预防、控制传染病，需要从事对我国尚未发现或者已经宣布消灭的病原微生物相关实验活动的，应当经过哪个部门批准，并在哪里进行？
holdout2,H2_076,1,1,1,1,True,False,False,CLEAN,根据《中华人民共和国食品安全法》，对农药、肥料、兽药、饲料和饲料添加剂等的安全性评估，应当有何要求？
holdout2,H2_077,1,1,1,1,True,False,False,CLEAN,根据《病原微生物实验室生物安全管理条例》，县级以上人民政府有关主管部门未依照本条例的规定履行实验室及其实验活动监督检查职责的，应如何处理？
holdout2,H2_078,1,1,1,1,True,False,False,CLEAN,根据《医疗事故处理条例》，对发生医疗事故的有关医务人员，卫生行政部门可以责令暂停多长时间的执业活动？
holdout2,H2_079,1,1,1,1,True,False,False,CLEAN,根据《医疗机构管理条例实施细则》，医疗机构的名称由哪两部分依次组成？
holdout2,H2_080,1,1,1,1,True,False,False,CLEAN,根据《学校卫生工作条例》，普通中小学校组织学生参加劳动时，不得让学生从事哪些活动？
holdout2,H2_081,1,1,1,1,True,False,False,CLEAN,根据《血吸虫病防治条例》，疾病预防控制机构发现急性血吸虫病疫情或者接到急性血吸虫病暴发、流行报告时，应当及时采取的措施中，哪一项要求提出疫情控制方案并明确有钉螺地带范围、预防性服药的人和家畜范围以及采
holdout2,H2_082,1,1,1,1,True,False,False,CLEAN,根据《学校卫生工作条例》，当事人对没收、罚款的行政处罚不服的，可以在接到处罚决定书之日起多少日内向作出处罚决定机关的上一级机关申请复议？
holdout2,H2_083,1,1,1,1,True,False,False,CLEAN,根据《艾滋病防治条例》，地方各级人民政府未依照本条例规定履行组织、领导、保障艾滋病防治工作职责，或者未采取艾滋病防治和救助措施的，应如何处理？
holdout2,H2_084,1,1,1,1,True,False,False,CLEAN,根据《医疗废物管理条例》，发生医疗废物流失、泄漏、扩散时，医疗卫生机构和医疗废物集中处置单位应当采取哪些紧急处理措施，并同时向哪些部门报告和向谁通报？
holdout2,H2_085,1,1,1,1,True,False,False,CLEAN,根据《人体器官移植条例》，从事人体器官移植的医疗机构及其医务人员摘取活体器官前，应当履行哪些义务？
holdout2,H2_086,1,1,1,1,True,False,False,CLEAN,根据《残疾预防和残疾人康复条例》，县级以上人民政府负责残疾人工作的机构，负责什么工作？
holdout2,H2_087,1,1,1,1,True,False,False,CLEAN,根据《中华人民共和国传染病防治法》，疾病预防控制机构发现传染病疫情或者接到传染病疫情报告时，应当及时采取的措施中，对密切接触者应当如何处理？
holdout2,H2_088,1,1,1,1,True,False,False,CLEAN,根据《中华人民共和国母婴保健法实施办法》，孕妇有哪些情形时，医师应当对其进行产前诊断？
holdout2,H2_089,2,1,2,2,True,False,False,CLEAN,《中华人民共和国药品管理法》第十一章法律责任所规定的行政处罚条款，其施行时间依据该法哪一条规定？该条规定了何种具体施行日期？
holdout2,H2_090,2,2,2,2,True,False,False,CLEAN,根据《放射性同位素与射线装置安全和防护条例》第四条和《中华人民共和国职业病防治法》第四条，在放射源和射线装置分类管理及职业病防治中，国务院生态环境主管部门与国务院卫生主管部门的职责分工如何？用人单位在
holdout2,H2_091,2,2,2,2,True,False,False,CLEAN,根据《精神卫生法》第四条和《国境卫生检疫法》第二条，在国境口岸对精神障碍患者实施传染病检疫、监测和卫生监督时，如何协调保护患者隐私与依法公开信息的关系？
holdout2,H2_092,2,2,2,2,True,False,False,CLEAN,某医疗机构床位在100张以上，按照《医疗机构管理条例》第十一条规定应当向省级人民政府卫生行政部门申请设置。该机构在取得设置批准后，根据《医疗事故处理条例》第七条规定，必须设置什么部门或配备什么人员？其
holdout2,H2_093,2,1,2,2,True,True,False,CONTAMINATED_DOC034,《医疗器械监督管理条例》与《中华人民共和国红十字会法》的施行时间是否相同？请分别指出两者的施行日期，并说明《医疗器械监督管理条例》总则与第三十条的关系。
holdout2,H2_094,2,2,2,2,True,False,False,CLEAN,根据《中华人民共和国中医药法》第六条，国家支持社会力量投资中医药事业，而《中华人民共和国药品管理法》第八条规定了药品监督管理职责。请问，对于社会力量投资设立的中医药机构所使用的药品，其监督管理职责应如
holdout2,H2_095,2,2,2,2,True,False,False,CLEAN,某患者在接受器官移植手术后，认为医疗机构及其医务人员的医疗服务行为存在问题，并怀疑该机构未依法履行对医务人员的监督管理职责。根据《人体器官移植条例》第五条和《医疗事故处理条例》第七条，该患者分别可以向
holdout2,H2_096,2,2,2,2,True,False,False,CLEAN,某食品生产经营者向体育运动参加者提供含有兴奋剂的食品，该行为同时违反《反兴奋剂条例》和《食品安全法》的哪些规定？请结合两部法规的条文，说明该食品生产经营者应承担的法律责任依据。
holdout2,H2_097,2,2,2,2,True,False,False,CLEAN,某市工商局在执法检查中发现，个体工商户张某未取得食品经营许可证从事食品销售，货值金额为8000元。工商局依据《国务院关于加强食品等产品安全监督管理的特别规定》第三条第三款拟对张某作出没收违法所得和产品
holdout2,H2_098,2,2,2,2,True,False,False,CLEAN,根据《传染病防治法》和《医疗机构管理条例》，县级以上地方人民政府卫生行政部门在传染病防治和医疗机构设置规划方面分别承担哪些职责？这两个职责之间有何关联？
holdout2,H2_099,2,2,2,2,True,False,False,CLEAN,根据《中华人民共和国疫苗管理法》和《中华人民共和国传染病防治法》，居住在中国境内的居民接种免疫规划疫苗的权利义务由哪部法律确立？在传染病防治的监督管理方面，县级以上地方人民政府卫生行政部门对保障适龄儿
holdout2,H2_100,2,2,2,2,True,False,False,CLEAN,根据《中华人民共和国母婴保健法实施办法》和《计划生育技术服务管理条例》，县级以上地方人民政府为母婴保健事业发展提供经济支持与计划生育技术指导、咨询中的生殖健康科普宣传、教育、咨询之间有何法律衔接？请结
holdout2,H2_101,2,2,2,2,True,False,False,CLEAN,根据《中华人民共和国中医药法》和《中华人民共和国药品管理法》，国务院中医药主管部门与国务院药品监督管理部门在管理职责上如何分工？地方各级人民政府中，中医药管理和药品监督管理职责分别由哪些部门承担？
holdout2,H2_102,2,1,2,2,True,False,False,CLEAN,《学校卫生工作条例》的施行时间是什么？该条例施行后，原教育部、卫生部颁布的哪两部规章同时废止？请结合该条例的总则和附则相关规定回答。
holdout2,H2_103,2,2,2,2,True,False,False,CLEAN,根据《中华人民共和国母婴保健法实施办法》和《计划生育技术服务管理条例》，各级人民政府在母婴保健和计划生育技术服务网络建设方面的职责如何衔接？具体而言，县级以上地方人民政府可采取哪些资金支持措施，而计划
holdout2,H2_104,2,2,2,2,True,False,False,CLEAN,在艾滋病防治工作中，县级以上人民政府如何对公共场所的卫生标准和要求进行考核与监督？请结合《艾滋病防治条例》和《公共场所卫生管理条例》的相关规定说明。
holdout2,H2_105,2,2,2,2,True,False,False,CLEAN,根据《医疗废物管理条例》和《中华人民共和国传染病防治法》，医疗卫生机构收治的传染病病人或疑似传染病病人产生的生活垃圾应如何管理处置？该事项的监督管理职责由哪个部门承担？
holdout2,H2_106,2,2,2,2,True,False,False,CLEAN,根据《医疗纠纷预防和处理条例》第七条，国家建立完善医疗风险分担机制并鼓励参加医疗责任保险和医疗意外保险；而《医疗事故处理条例》第四条将医疗事故分为四级。请问：在医疗纠纷处理中，医疗风险分担机制（如医疗
holdout2,H2_107,2,2,2,2,True,False,False,CLEAN,某行政执法机关在查处一起涉及食用农产品安全违法案件时，发现当事人的行为已涉嫌构成破坏社会主义市场经济秩序罪。根据《国务院关于加强食品等产品安全监督管理的特别规定》第二条和《行政执法机关移送涉嫌犯罪案件
holdout2,H2_108,2,2,2,2,True,False,False,CLEAN,根据《母婴保健法》和《传染病防治法》，在婚前保健服务中，如果发现准备结婚的男女双方可能患有影响结婚和生育的传染病，医疗保健机构与疾病预防控制机构应如何衔接配合？请结合两部法律的相关规定说明。
holdout2,H2_109,2,1,2,2,True,False,False,CLEAN,《乡村医生从业管理条例》第一章总则与第四十九条在时间效力上如何衔接？该条例从何时开始施行？
holdout2,H2_110,2,2,2,2,True,False,False,CLEAN,某单位向体育运动参加者变相提供了一种物质，该物质用于调节运动员的生理机能并规定了用法用量。根据《反兴奋剂条例》和《中华人民共和国药品管理法》，该行为是否违法？请结合两部法规的衔接关系说明理由。
holdout2,H2_111,2,1,2,2,True,False,False,CLEAN,《中华人民共和国精神卫生法》第一章总则与第八十五条在时间效力上如何衔接？该法从何时起正式施行？
holdout2,H2_112,2,1,2,2,True,False,False,CLEAN,《中华人民共和国母婴保健法实施办法》对从事计划生育技术服务的机构开展计划生育技术服务活动有何特殊规定？该办法的施行时间如何确定？
holdout2,H2_113,2,2,2,2,True,False,False,CLEAN,根据《中华人民共和国母婴保健法实施办法》和《计划生育技术服务管理条例》，从事计划生育技术服务的机构开展计划生育技术服务活动时，其服务内容中的“计划生育技术指导、咨询”具体包括哪些项目？同时，该服务活动
holdout2,H2_114,2,2,2,2,True,False,False,CLEAN,根据《反兴奋剂条例》和《中华人民共和国药品管理法》，在反兴奋剂工作中，国务院体育主管部门与药品监督管理部门之间的职责分工和衔接关系是什么？
holdout2,H2_115,2,1,2,2,True,False,False,CLEAN,《中华人民共和国尘肺病防治条例》第一章总则与第二十八条在时间效力上如何衔接？该条例的施行日期与总则的适用关系是什么？
holdout2,H2_116,2,2,2,2,True,False,False,CLEAN,根据《国内交通卫生检疫条例》第六条，对出入检疫传染病疫区的交通工具及其乘运人员、物资采取交通卫生检疫措施时，应由哪些部门根据各自职责实施？这些部门的职责分工与《中华人民共和国传染病防治法》第六条规定的
holdout2,H2_117,2,2,2,2,True,False,False,CLEAN,根据《中华人民共和国母婴保健法实施办法》和《医疗机构管理条例》，县级以上地方人民政府在制定本行政区域医疗机构设置规划时，如何衔接母婴保健事业发展专项资金的支持与医疗机构设置规划的要求？请结合两部法规的
holdout2,H2_118,2,2,2,2,True,False,False,CLEAN,根据《医疗用毒性药品管理办法》和《中华人民共和国药品管理法》，医疗用毒性药品的管理品种由哪个部门规定？该规定行为在药品监督管理体制中的执行依据和管辖分工如何？
holdout2,H2_119,2,1,2,2,True,False,False,CLEAN,《护士条例》第一章总则所规定的立法目的与适用范围，其施行时间依据哪一条规定？该条具体内容是什么？
holdout2,H2_120,2,2,2,2,True,False,False,CLEAN,根据《中华人民共和国人口与计划生育法》第九条关于人口发展规划编制的规定，乡（镇）人民政府、街道办事处负责本管辖区域内流动人口计划生育工作时，其开展计划生育宣传教育、指导育龄夫妻选择避孕节育措施以及免费
holdout2,H2_121,2,2,2,2,True,False,False,CLEAN,根据《艾滋病防治条例》和《公共场所卫生管理条例》，在公共场所卫生管理中，如何衔接艾滋病防治的政府组织领导、部门各负其责、全社会共同参与机制与公共场所卫生标准制定职责？具体而言，公共场所卫生标准由哪个部
holdout2,H2_122,2,2,2,2,True,False,False,CLEAN,根据《计划生育技术服务管理条例》和《医疗事故处理条例》，从事计划生育技术服务的医疗、保健机构在服务质量监控和投诉处理方面应当如何执行？请结合两部法规的相关规定说明其法律依据和具体职责。
holdout2,H2_123,2,2,2,2,True,False,False,CLEAN,根据《中华人民共和国食品安全法实施条例》第六条和《中华人民共和国食品安全法》第四条，食品安全风险监测会商机制与食品生产经营者的责任之间有何衔接关系？具体而言，卫生行政部门会同食品安全监督管理等部门建立
holdout2,H2_124,2,1,2,2,True,False,False,CLEAN,《艾滋病防治条例》的立法依据是什么？该条例的附则位于哪一章？
holdout2,H2_125,2,2,2,2,True,False,False,CLEAN,在艾滋病防治工作中，公共场所的主管部门应如何依据《艾滋病防治条例》确立的综合防治机制和《公共场所卫生管理条例》规定的具体职责，对所属经营单位的卫生状况进行经常性检查并落实防治措施？
holdout2,H2_126,2,2,2,2,True,False,False,CLEAN,根据《医疗纠纷预防和处理条例》第六条，卫生主管部门负责指导、监督医疗机构做好医疗纠纷的预防和处理工作；而《医疗事故处理条例》第四条规定医疗事故分为四级，且具体分级标准由国务院卫生行政部门制定。请问：在
holdout2,H2_127,2,2,2,2,True,False,False,CLEAN,某机关单位拟设置一家内部医疗机构，为职工提供生殖健康科普宣传、避孕药具发放及相关咨询随访等计划生育技术指导服务。根据《计划生育技术服务管理条例》和《医疗机构管理条例》，该机关单位设置该医疗机构应遵循什
holdout2,H2_128,2,2,2,2,True,False,False,CLEAN,某机构拟在中华人民共和国境内开展母婴保健服务活动，同时计划设置一家床位为150张的医疗机构。根据《中华人民共和国母婴保健法实施办法》和《医疗机构管理条例》，该机构在遵守法规和办理设置申请方面分别应如何
holdout2,H2_129,2,2,2,2,True,False,False,CLEAN,根据《人体器官移植条例》第四条和《医疗机构管理条例》第六条，县级以上地方人民政府卫生主管部门在人体器官移植监督管理与医疗机构设置规划方面分别承担什么职责？两者如何衔接？
holdout2,H2_130,2,1,2,2,True,False,False,CLEAN,《残疾预防和残疾人康复条例》的施行日期是哪一天？该条例第一章总则与施行日期条款之间有何关联？
holdout2,H2_131,2,2,2,2,True,False,False,CLEAN,根据《计划生育技术服务管理条例》第七条，计划生育技术指导、咨询包括哪些具体内容？同时，依据《医疗事故处理条例》第七条，医疗机构应当如何设置或配备部门/人员来负责监督医疗服务工作、接受投诉并提供咨询服务
holdout2,H2_132,2,2,2,2,True,False,False,CLEAN,根据《医疗废物管理条例》和《中华人民共和国传染病防治法》，医疗废物的分类目录由哪些部门共同制定、公布？这些部门在传染病防治工作中的职责分工是什么？
holdout2,H2_133,2,2,2,2,True,False,False,CLEAN,某美容服务机构拟在本机构业务范围之外开展医疗美容业务，根据《医疗机构管理条例实施细则》和《医疗机构管理条例》，该机构应如何申请设置医疗机构？具体应向哪一级卫生行政部门提出设置申请？
holdout2,H2_134,2,1,2,2,True,False,False,CLEAN,《国内交通卫生检疫条例》自1999年3月1日起施行后，该条例所定义的检疫传染病诊断标准应如何执行？同时，该条例施行后，此前由国务院批准、铁道部和卫生部公布的《铁路交通检疫管理办法》处于何种法律状态？
holdout2,H2_135,2,2,2,2,True,False,False,CLEAN,根据《国务院关于加强食品等产品安全监督管理的特别规定》第三条，生产经营者生产、销售不符合法定要求的产品，且构成生产、销售伪劣商品罪等犯罪的，应如何处理？该处理与《行政执法机关移送涉嫌犯罪案件的规定》第
holdout2,H2_136,2,2,2,2,True,False,False,CLEAN,根据《卫生部关于中医执业的14个批复》和《医疗机构管理条例》，在《执业医师法》颁布前已经县级以上卫生行政部门批准设置诊所并个体行医满5年的人员，经认定取得中医类别执业医师后，若想直接申请继续个体行医，
holdout2,H2_137,2,1,2,2,True,False,False,CLEAN,《病原微生物实验室生物安全管理条例》第一章总则与第七十二条在时间效力上如何衔接？该条例的施行日期是什么？
holdout2,H2_138,2,2,2,2,True,False,False,CLEAN,在艾滋病防治工作中，县级以上人民政府与公共场所主管部门分别承担哪些职责？请结合《艾滋病防治条例》第四条和《公共场所卫生管理条例》第五条说明两部法规在职责分工与执行依据上的衔接关系。
holdout2,H2_139,2,2,2,2,True,False,False,CLEAN,某市卫生行政部门接到举报，称一家床位为150张的医疗机构涉嫌违反《人体器官移植条例》的规定。根据《医疗机构管理条例》第十一条，该医疗机构的设置申请应向哪一级卫生行政部门提出？同时，根据《人体器官移植条
holdout2,H2_140,2,2,2,2,True,False,False,CLEAN,某医疗保健机构拟设置从事计划生育技术服务的医疗机构，根据《计划生育技术服务管理条例》和《医疗机构管理条例》的规定，该机构在设置申请时应当如何确定申请管辖部门？
holdout2,H2_141,2,2,2,2,True,False,False,CLEAN,根据《疫苗管理法》第四条，国家制定疫苗行业发展规划和产业政策，而《药品管理法》第八条规定国务院药品监督管理部门配合国务院有关部门执行国家药品行业发展规划和产业政策。请问：在疫苗行业发展规划和产业政策的
holdout2,H2_142,2,1,2,2,True,False,False,CLEAN,《中华人民共和国生物安全法》的施行日期是哪一天？该法第一章总则的效力从何时开始？
holdout2,H2_143,2,2,2,2,True,False,False,CLEAN,根据《中华人民共和国母婴保健法》第十条，医师对诊断患医学上认为不宜生育的严重遗传性疾病的男女双方提出医学意见后，若双方同意采取长效避孕措施或施行结扎手术不生育，可以结婚。请问，该条中涉及的婚前医学检查
holdout2,H2_144,2,2,2,2,True,False,False,CLEAN,根据《流动人口计划生育工作条例》第三条和《中华人民共和国人口与计划生育法》第六条，县级以上地方人民政府在流动人口计划生育工作中承担哪些领导职责？同时，县级以上地方各级人民政府计划生育行政部门在计划生育
holdout2,H2_145,2,1,2,2,True,False,False,CLEAN,《中华人民共和国医师法》第一章总则与第六十六条如何衔接，以确定境外人员参加医师资格考试、申请注册、执业或从事临床示教、临床研究、临床学术交流等活动的具体管理办法的制定主体？
holdout2,H2_146,2,2,2,2,True,False,False,CLEAN,根据《人体器官移植条例》和《医疗事故处理条例》，在人体器官移植的监督管理中，国务院卫生主管部门和县级以上地方人民政府卫生主管部门分别承担什么职责？同时，医疗机构内部应如何设置或配备部门及人员来具体负责
holdout2,H2_147,2,2,2,2,True,False,False,CLEAN,根据《国内交通卫生检疫条例》第四条和《中华人民共和国传染病防治法》第七条，在传染病防治工作中，国内交通卫生检疫的监督管理职责与疾病预防控制机构的职责如何划分与衔接？
holdout2,H2_148,2,2,2,2,True,False,False,CLEAN,根据《中华人民共和国疫苗管理法》第六条，国家实行免疫规划制度，政府免费向居民提供免疫规划疫苗。那么，免疫规划疫苗是否属于《中华人民共和国药品管理法》第二条所定义的“药品”？请结合两部法律的相关规定，说
holdout2,H2_149,2,2,2,2,True,False,False,CLEAN,根据《计划生育技术服务管理条例》第七条，计划生育技术指导、咨询包括对已经施行避孕、节育手术和输卵（精）管复通手术的，提供相关的咨询、随访。如果计划生育技术服务机构在提供此类咨询、随访时，因过失对患者人
holdout2,H2_150,2,2,2,2,True,False,False,CLEAN,根据《中华人民共和国疫苗管理法》第四条和《中华人民共和国传染病防治法》第七条，在预防、控制重大疾病的疫苗研制、生产和储备纳入国家战略的背景下，各级疾病预防控制机构和医疗机构在传染病防治工作中如何分工协
holdout2,H2_151,2,2,2,2,True,False,False,CLEAN,根据《医疗用毒性药品管理办法》第三条，毒性药品年度生产、收购、供应和配制计划由省级医药管理部门制定并经省级卫生行政部门审核后下达。结合《中华人民共和国药品管理法》第八条关于药品监督管理体制的规定，该计
holdout2,H2_152,2,2,2,2,True,False,False,CLEAN,某临床类别执业医师参加过中医药知识培训和中医药适宜技术推广培训，拟在临床工作中提供中医药服务，但该医师所在的医疗机构尚未取得《医疗机构管理条例》规定的设置批准。请问：该医师提供中医药服务是否构成超出注
holdout2,H2_153,2,2,2,2,True,False,False,CLEAN,根据《国内交通卫生检疫条例》第六条，卫生行政部门对出入检疫传染病疫区的人员、交通工具及物资有权采取交通卫生检疫措施。请问：该条中“检疫传染病”的具体病种范围应依据哪部法律的哪一条确定？请结合《中华人民
holdout2,H2_154,2,2,2,2,True,False,False,CLEAN,根据《突发公共卫生事件应急条例》第四条和《中华人民共和国传染病防治法》第七条，在突发公共卫生事件发生后，地方各级人民政府、卫生行政主管部门、疾病预防控制机构和医疗机构在传染病防治及应急处理工作中的职责
holdout2,H2_155,2,2,2,2,True,False,False,CLEAN,军队编制外的医疗机构在设置申请时，应向哪个卫生行政部门提出？其管理依据和管辖分工如何衔接？
holdout2,H2_156,2,2,2,2,True,False,False,CLEAN,根据《食盐加碘消除碘缺乏危害管理条例》第四条和《中华人民共和国食品安全法》第二条，碘盐的加工和市场供应监督管理职责由哪个部门承担？该职责与食品安全法规定的食品生产经营监管有何衔接关系？
holdout2,H2_157,2,2,2,2,True,False,False,CLEAN,根据《卫生部关于中医执业的14个批复》和《医疗机构管理条例实施细则》，对于军队编制外的中医医疗机构，其中医诊疗行为的判定和非法行医的查处应如何适用法律？
holdout2,H2_158,2,2,2,2,True,False,False,CLEAN,根据《国内交通卫生检疫条例》第六条和《中华人民共和国传染病防治法》第七条，当某地发生检疫传染病并需对出入疫区的交通工具及人员采取交通卫生检疫措施时，卫生行政部门、铁路/交通/民用航空行政主管部门的卫生
holdout2,H2_159,2,1,2,2,True,False,False,CLEAN,《中华人民共和国食品安全法》第一章总则与第一百五十四条在时间效力上如何衔接？请结合两个切片说明该法的施行日期以及总则对施行后食品安全活动的规范作用。
holdout2,H2_160,2,1,2,2,True,False,False,CLEAN,《中华人民共和国基本医疗卫生与健康促进法》的施行日期是哪一天？该法第一章总则与施行日期条款之间在时间效力上如何衔接？
holdout2,H2_161,2,1,2,2,True,False,False,CLEAN,《麻醉药品和精神药品管理条例》自何时起施行？该条例施行后，1987年发布的《麻醉药品管理办法》和1988年发布的《精神药品管理办法》的效力如何？
holdout2,H2_162,2,2,2,2,True,False,False,CLEAN,某医疗机构拟设立医疗服务质量监控部门，其设置规划应如何与当地医疗机构设置规划相衔接？该监控部门的具体职责依据《医疗事故处理条例》是什么？
holdout2,H2_163,2,2,2,2,True,False,False,CLEAN,某军队编制外的医疗机构，不设床位，拟设置执业。根据《医疗机构管理条例实施细则》和《医疗机构管理条例》，该机构应向哪个部门提出设置申请？请结合两部法规的衔接规定说明其管辖分工。
holdout2,H2_164,2,2,2,2,True,False,False,CLEAN,根据《中华人民共和国食品安全法实施条例》第四条和《中华人民共和国食品安全法》第二条，乡镇人民政府和街道办事处在食品安全监督管理中承担何种职责？其支持、协助县级人民政府食品安全监督管理部门及其派出机构依
holdout2,H2_165,2,2,2,2,True,False,False,CLEAN,根据《反兴奋剂条例》第三条，国家禁止向体育运动参加者提供或变相提供兴奋剂。若某单位涉嫌向运动员提供兴奋剂，药品监督管理部门是否有权依据《中华人民共和国药品管理法》第八条对该单位进行查处？请结合两部法规
holdout2,H2_166,2,2,2,2,True,False,False,CLEAN,根据《医疗机构管理条例》第六条和《医疗机构管理条例实施细则》第五条，军队编制外医疗机构在设置规划和管理上应如何与地方卫生行政部门的职责相衔接？
holdout2,H2_167,2,1,2,2,True,False,False,CLEAN,《医疗纠纷预防和处理条例》对医疗纠纷的定义是什么？该条例从何时开始施行？这两个规定分别位于该条例的哪一条？
holdout2,H2_168,2,1,2,2,True,False,False,CLEAN,《食盐加碘消除碘缺乏危害管理条例》的适用范围和总则性规定由第一章确定，而该条例第三十一条又授权省级政府制定实施办法。请问：省级政府制定实施办法时，其立法依据和权限来源是什么？该实施办法与条例总则之间应
holdout2,H2_169,2,2,2,2,True,False,False,CLEAN,根据《国内交通卫生检疫条例》第四条和《中华人民共和国国境卫生检疫法》第三条，国内交通卫生检疫工作中，检疫传染病和监测传染病的确定与公布分别由哪个部门负责？国内交通卫生检疫的监督管理职责在国务院卫生行政
holdout2,H2_170,2,1,2,2,True,False,False,CLEAN,根据《放射性同位素与射线装置安全和防护条例》，什么是“转让”？该定义在条例的适用范围和具体管理活动中如何与总则相衔接？
holdout2,H2_171,2,2,2,2,True,False,False,CLEAN,某医院在开展人体器官移植手术过程中，因医务人员严重不负责任，造成患者死亡。请问：该事件是否属于医疗事故？如果属于，应当定为几级医疗事故？同时，该事件中负责人体器官移植监督管理工作的卫生主管部门，与负责
holdout2,H2_172,2,2,2,2,True,False,False,CLEAN,在打击非法行医专项行动中，对于非医疗机构人员使用针刺等创伤性技术方法提供中医服务的行为，应如何依据《卫生部关于中医执业的14个批复》和《医疗机构管理条例实施细则》进行监督和管辖？
holdout2,H2_173,2,2,2,2,True,False,False,CLEAN,根据《中华人民共和国人口与计划生育法》第九条和《流动人口计划生育工作条例》第三条，县级以上地方人民政府在编制本行政区域人口发展规划并将其纳入国民经济和社会发展计划时，应如何结合流动人口计划生育工作的要
holdout2,H2_174,2,1,2,2,True,False,False,CLEAN,《中华人民共和国母婴保健法》规定国家发展母婴保健事业并对边远贫困地区给予扶持，该法自何时起施行？
holdout2,H2_175,2,2,2,2,True,False,False,CLEAN,某临床类别执业医师参加过中医药知识培训和中医药适宜技术推广培训，在临床工作中提供针灸等中医药服务，是否构成非法行医？若某美容服务机构未申请设置医疗机构即开展针刺、瘢痕灸等具有创伤性的中医诊疗活动，应如
holdout2,H2_176,2,2,2,2,True,False,False,CLEAN,根据《医疗事故处理条例》和《计划生育技术服务管理条例》，如果患者在从事计划生育技术服务的医疗、保健机构接受服务时受到人身损害，应如何适用医疗事故分级标准？具体分级标准由哪个部门制定？
holdout2,H2_177,2,1,2,2,True,False,False,CLEAN,根据《卫生部关于中医执业的14个批复》中的相关文件，对于被举报方为患者实施诊脉、量血压、看舌苔、开具中药方及其说明让患者服用的行为，应如何定性？若该行为由非医师实施，是否构成非法行医？请结合相关批复及
holdout2,H2_178,2,2,2,2,True,False,False,CLEAN,根据《疫苗管理法》第四条，国家将预防、控制重大疾病的疫苗研制、生产和储备纳入国家战略，并鼓励疫苗生产规模化、集约化。结合《传染病防治法》第六条关于传染病防治监督管理职责的规定，请回答：在落实国家疫苗战
holdout2,H2_179,2,2,2,2,True,False,False,CLEAN,在计划生育技术服务中，如果因提供避孕药具及相关的指导、咨询、随访等服务导致患者人身损害，要认定为医疗事故并确定具体等级，应当依据哪部法规的哪一条款进行分级？该条款的具体分级标准是什么？
holdout2,H2_180,2,2,2,2,True,False,False,CLEAN,根据《计划生育技术服务管理条例》和《医疗机构管理条例》，计划生育技术服务网络中的医疗、保健机构在设置规划上应如何与当地医疗机构设置规划相衔接？具体依据哪些法条？
holdout2,H2_181,2,2,2,2,True,False,False,CLEAN,根据《中华人民共和国母婴保健法实施办法》和《中华人民共和国母婴保健法》，医疗保健机构为公民提供婚前保健服务时，其服务活动应遵守哪部法律及实施办法？婚前保健服务具体包括哪些内容？
holdout2,H2_182,2,2,2,2,True,False,False,CLEAN,根据《卫生部关于中医执业的14个批复》和《医疗机构管理条例实施细则》，对于非医师运用其自身掌握的医学知识帮助对方的行为，是否应认定为非法行医？如果该行为发生在美容服务机构中，且该机构在本机构业务范围之
holdout2,H2_183,2,2,2,2,True,False,False,CLEAN,根据《食盐加碘消除碘缺乏危害管理条例》第五条和《中华人民共和国食品安全法》第二条，食盐加碘消除碘缺乏危害工作是否属于食品安全法调整的食品安全管理范畴？如果属于，其具体依据是什么？如果不属于，其法律依据
holdout2,H2_184,2,2,2,2,True,False,False,CLEAN,根据《中华人民共和国中医药法》第五条和《中华人民共和国药品管理法》第二条，中药作为药品的一种，其研制、生产、经营、使用和监督管理活动应如何确定主管部门？请结合两部法律说明全国和县级以上地方的中医药管理
holdout2,H2_185,2,2,2,2,True,False,False,CLEAN,《中华人民共和国疫苗管理法》第四条将疫苗产品定位为战略性和公益性，并规定国家支持疫苗基础研究和应用研究、促进疫苗研制和创新。而《中华人民共和国药品管理法》第二条界定了药品的定义并规定该法适用于药品研制
holdout2,H2_186,2,2,2,2,True,False,False,CLEAN,某单位拟设置一家床位为150张的综合医院，根据《医疗机构管理条例》第十一条，该单位应向哪一级卫生行政部门提出设置申请？同时，根据《人体器官移植条例》第四条，若该医院拟开展人体器官移植技术，其监督管理职
holdout2,H2_187,2,2,2,2,True,False,False,CLEAN,根据《传染病防治法》和《医疗机构管理条例》，单位或个人设置不设床位或床位不满100张的医疗机构时，应向哪个部门提出设置申请？该部门在传染病防治方面的法定职责是什么？
holdout2,H2_188,2,1,2,2,True,False,False,CLEAN,《中华人民共和国人口与计划生育法》第一章总则所确立的立法目的和基本原则，其施行时间依据该法哪一条规定？该条规定自何时起施行？
holdout2,H2_189,3,1,3,3,True,False,False,CLEAN,根据《学校卫生工作条例》的规定，学校卫生工作的主要任务包括哪些？这些任务的实施需要遵循怎样的行政管理与监督指导体制？请结合条例的总则、任务条款和职责分工条款，说明教育行政部门和卫生行政部门在学校卫生工
holdout2,H2_190,3,1,3,3,True,False,False,CLEAN,根据《中华人民共和国疫苗管理法》，国家实行免疫规划制度，并对疫苗实行最严格的管理制度。请结合该法附则、第三条和第六条，回答：免疫规划制度的实施如何体现“安全第一、风险管理、全程管控、科学监管、社会共治
holdout2,H2_191,3,1,3,3,True,False,False,CLEAN,根据《中华人民共和国职业病防治法》总则、第二条和第四条的规定，请综合回答：该法的适用范围是什么？职业病的法定定义和分类目录由哪些部门制定？在职业病防治工作中，工会组织具有何种监督职责？用人单位制定或修
holdout2,H2_192,3,1,3,3,True,False,False,CLEAN,根据《中华人民共和国尘肺病防治条例》的规定，某市在制定国民经济和社会发展计划时，应如何统筹安排尘肺病防治工作？请结合该条例的适用范围、总则要求以及地方政府的领导职责，说明该市制定计划时需考虑哪些主体和
holdout2,H2_193,3,3,3,3,True,False,False,CLEAN,某医疗机构在未取得《医疗机构管理条例》规定的合法资质的情况下，擅自开展人体器官移植手术，并在手术过程中因医务人员重大过失导致患者死亡。卫生行政部门在查处时，需同时适用《人体器官移植条例》《医疗事故处理
holdout2,H2_194,3,1,3,3,True,False,False,CLEAN,某市工商行政管理部门在检查一产品集中交易市场时，发现市场开办企业未审查入场销售者的经营资格，且入场销售者违法使用了食品原料。经查，该市场开办企业未履行审查义务，入场销售者违法使用原料货值金额为8000
holdout2,H2_195,3,3,3,3,True,False,False,CLEAN,某患者因诊疗活动与医疗机构发生争议，该争议若同时涉及医疗纠纷定性、医疗事故处理及医疗机构执业监管，应如何依据《医疗纠纷预防和处理条例》《医疗事故处理条例》和《医疗机构管理条例》三部法规的切片内容，综合
holdout2,H2_196,3,1,3,3,True,False,False,CLEAN,根据《流动人口计划生育工作条例》，流动人口中的成年育龄妇女在离开户籍所在地前，应当办理何种证明？该证明的办理程序如何？若该妇女未办理该证明，其现居住地人民政府和户籍所在地人民政府在流动人口计划生育工作
holdout2,H2_197,3,1,3,3,True,False,False,CLEAN,根据《乡村医生从业管理条例》的规定，乡村医生管理工作的制度总则、全国与地方卫生行政主管部门的监管职责划分，以及地方各级人民政府的培训义务之间如何衔接？请结合该条例第一章总则、第三条和第五条，说明在乡村
holdout2,H2_198,3,1,3,3,True,False,False,CLEAN,根据《病原微生物实验室生物安全管理条例》，某实验室从事与病原微生物菌（毒）种、样本有关的研究活动，其生物安全管理应如何适用该条例？具体而言，该条例的适用范围（包括对病原微生物和实验活动的定义）与总则性
holdout2,H2_199,3,1,3,3,True,False,False,CLEAN,根据《中华人民共和国中医药法》总则、第四条和第六条的规定，在中医药事业发展的制度框架中，国家、县级以上人民政府以及社会力量分别承担何种职责？这三者之间如何衔接配合，以统筹推进中医药事业发展并保障公民获
holdout2,H2_200,3,1,3,3,True,False,False,CLEAN,某美容服务机构在本机构业务范围之外开展医疗美容业务，根据《医疗机构管理条例实施细则》的规定，该机构是否需要申请设置相应类别的医疗机构？如果需要，其申请设置和执业的法律依据分别涉及总则、第四条和第六条中
holdout2,H2_201,3,1,3,3,True,False,False,CLEAN,根据《中华人民共和国人口与计划生育法》第一章总则、第三条和第五条的规定，在开展人口与计划生育工作时，如何将总则确立的基本原则、第三条规定的与妇女发展相结合的要求，以及第五条规定的国务院和地方各级人民政
holdout2,H2_202,3,1,3,3,True,False,False,CLEAN,根据《护士条例》的规定，一名人员要成为本条例所称的护士，需要经过何种执业注册程序？该注册及后续的护士监督管理工作分别由哪些层级的卫生主管部门负责？请结合《护士条例》的总则、护士定义条款和监督管理条款，
holdout2,H2_203,3,1,3,3,True,False,False,CLEAN,根据《中华人民共和国基本医疗卫生与健康促进法》第一章总则、第三条和第五条的规定，请回答：该法确立的医疗卫生与健康事业的核心原则是什么？国家为保障公民获得基本医疗卫生服务的权利，建立了哪些制度？这些制度
holdout2,H2_204,3,1,3,3,True,False,False,CLEAN,根据《中华人民共和国母婴保健法》第二条、第五条以及第二章婚前保健的规定，国家在母婴保健事业中承担了哪些基础性义务？这些义务如何通过婚前保健制度与教育科研推广机制相互衔接，从而形成对边远贫困地区母婴保健
holdout2,H2_205,3,3,3,3,True,False,False,CLEAN,某医疗机构在开展计划生育技术服务过程中发生医疗事故，患者主张权利。请问：该机构及其人员从事计划生育技术服务活动是否受《计划生育技术服务管理条例》约束？处理该医疗事故应依据哪部条例、其立法目的是什么？同
holdout2,H2_206,3,3,3,3,True,False,False,CLEAN,某医疗机构在开展计划生育技术服务过程中，因操作不当导致患者需要接受人体器官移植，且该机构在移植环节涉嫌参与人体器官买卖。请问：根据《计划生育技术服务管理条例》《医疗事故处理条例》和《人体器官移植条例》
holdout2,H2_207,3,3,3,3,True,False,False,CLEAN,某医疗机构在传染病防治过程中需要处置医疗废物，根据《医疗废物管理条例》总则、《中华人民共和国传染病防治法》总则和《医疗机构管理条例》总则，该机构在医疗废物的管理、传染病防治义务以及医疗机构执业监管方面
holdout2,H2_208,3,1,3,3,True,False,False,CLEAN,根据《食盐加碘消除碘缺乏危害管理条例》，碘缺乏危害的法定定义是什么？该条例的立法目的和总体制度框架由哪一章规定？在防治与监管职责上，国务院卫生行政部门与国务院盐业主管机构如何分工衔接？
holdout2,H2_209,3,1,3,3,True,False,False,CLEAN,某市卫生健康委员会在监督检查中发现，一家医疗卫生机构收治的传染病病人产生的生活垃圾被混入普通生活垃圾中清运，同时该机构废弃的麻醉药品未按有关法律、行政法规和国家有关规定、标准执行管理。请问：根据《医疗
holdout2,H2_210,3,1,3,3,True,False,False,CLEAN,根据《艾滋病防治条例》，国家艾滋病防治规划的制定主体和程序是什么？县级以上地方人民政府在制定本行政区域的艾滋病防治行动计划时，应依照什么规定？同时，该条例对艾滋病病毒感染者、艾滋病病人及其家属的合法权
holdout2,H2_211,3,1,3,3,True,False,False,CLEAN,根据《麻醉药品和精神药品管理条例》第一章总则、第二条和第四条，回答：该条例对麻醉药品药用原植物种植以及麻醉药品和精神药品的实验研究、生产、经营、使用、储存、运输等活动，在适用范围、管制原则和禁止性规定
holdout2,H2_212,3,1,3,3,True,False,False,CLEAN,根据《中华人民共和国国境卫生检疫法》第二章（检疫）、第四章（卫生监督）和第六章（附则）的规定，请综合说明：国境卫生检疫机关在实施检疫、卫生监督以及适用附则条款时，其职责衔接与法律适用关系应如何完整理解
holdout2,H2_213,3,1,3,3,True,False,False,CLEAN,某行政执法机关在查处一起知识产权违法案件时，根据调查收集的证据和查明的案件事实，认为存在犯罪的合理嫌疑，需要公安机关采取措施进一步获取证据以判断是否达到刑事案件立案追诉标准。该机关内部就移送问题产生分
holdout2,H2_214,3,1,3,3,True,False,False,CLEAN,根据《中华人民共和国食品安全法实施条例》第一章总则、第四条以及第二章食品安全风险监测和评估的规定，县级以上人民政府在食品安全监督管理体制建设、风险监测和评估制度衔接以及乡镇人民政府和街道办事处的协同职
holdout2,H2_215,3,3,3,3,True,False,False,CLEAN,某养生店未取得《医疗机构执业许可证》擅自开展针灸服务，导致顾客肺脏破裂身亡；同时该店还以“中医”名义使用断肠草治疗关节炎。在查处过程中，卫生行政部门发现该店曾从事计划生育技术服务活动。请问：1）对该店
holdout2,H2_216,3,1,3,3,True,False,False,CLEAN,根据《医疗事故处理条例》，在医疗事故的预防与处置工作中，如何将立法目的、处理原则与第二章的具体制度要求相衔接，以形成完整的医疗事故处理机制？请结合条例第一条、第三条及第二章的规定，说明该机制在制度要求
holdout2,H2_217,3,1,3,3,True,False,False,CLEAN,根据《中华人民共和国传染病防治法》第一章总则、第五条和第七条的规定，在传染病防治工作中，各级人民政府、疾病预防控制机构和医疗机构之间如何形成完整的领导、执行与协同体系？请具体说明各级人民政府的领导职责
holdout2,H2_218,3,1,3,3,True,False,False,CLEAN,《血吸虫病防治条例》的制定依据、立法目的与施行时间分别是什么？该条例要求血吸虫病防治地区县级以上地方人民政府如何统一领导本行政区域内的防治工作？
holdout2,H2_219,3,1,3,3,True,False,False,CLEAN,根据《医疗机构管理条例》的规定，该条例的适用范围涵盖哪些类型的医疗机构？国家对于医疗机构的发展持何种态度？在适用本条例时，总则部分与具体条款之间应如何衔接理解？
holdout2,H2_220,3,3,3,3,True,False,False,CLEAN,某机构在中华人民共和国境内同时开展母婴保健服务活动和计划生育技术服务活动。根据《中华人民共和国母婴保健法实施办法》第二条、《计划生育技术服务管理条例》第二条以及《医疗事故处理条例》第一条的规定，回答以
holdout2,H2_221,3,1,3,3,True,False,False,CLEAN,在中华人民共和国境内，从事计划生育技术服务的机构及其人员应当遵守哪部条例？该条例规定的计划生育技术服务网络由哪些机构组成？该网络中的机构提供的计划生育技术服务具体包括哪些内容？请结合《计划生育技术服务
holdout2,H2_222,3,1,3,3,True,False,False,CLEAN,根据《中华人民共和国精神卫生法》的总则、第二条和第四条，在中华人民共和国境内开展精神障碍患者康复活动时，应如何理解该法的适用范围、患者人格尊严与财产安全保护，以及信息保密义务与依法公开例外之间的制度衔
holdout2,H2_223,3,1,3,3,True,False,False,CLEAN,《中华人民共和国献血法》于1997年12月29日由第八届全国人民代表大会常务委员会第二十九次会议通过，自1998年10月1日起施行。该法第三条规定地方各级人民政府领导本行政区域内的献血工作，统一规划并
holdout2,H2_224,3,3,3,3,True,False,False,CLEAN,在传染病防治与医疗机构管理的法律体系中，如何统筹适用《国内交通卫生检疫条例》第三条、《中华人民共和国传染病防治法》第一章总则以及《医疗机构管理条例》第一章总则，以确定检疫传染病的范围、诊断标准及其与传
holdout2,H2_225,3,1,3,3,True,False,False,CLEAN,根据《中华人民共和国生物安全法》第一章总则、第二条和第四条，请回答：该法对生物安全工作的领导体制和治理体系建设提出了什么总体要求？该法所称“生物安全”的定义是什么？该法适用的活动范围包括哪些？并说明这
holdout2,H2_226,3,1,3,3,True,False,False,CLEAN,某机构在中华人民共和国境内拟开展母婴保健服务活动，同时计划开展计划生育技术服务活动。根据《中华人民共和国母婴保健法实施办法》的相关规定，请回答以下问题：(1) 该机构及其人员从事母婴保健服务活动时，应
holdout2,H2_227,3,3,3,3,True,False,False,CLEAN,在传染病暴发、流行时，疫苗的紧急使用、传染病防治的总体职责与医疗机构收治传染病患者的审批程序之间如何衔接？请结合《中华人民共和国疫苗管理法》第十一章附则、《中华人民共和国传染病防治法》第一章总则和《医
holdout2,H2_228,3,1,3,3,True,False,False,CLEAN,根据《国内交通卫生检疫条例》第三条、第五条和第七条，请回答：当某省、自治区、直辖市人民政府依照传染病防治法确定并公布了检疫传染病疫区后，如果一列跨省运行的列车在非检疫传染病疫区行驶时，车上发现了感染鼠
holdout2,H2_229,3,1,3,3,True,False,False,CLEAN,某药品生产企业在其生产的化学药说明书上擅自增加了“用于预防、治疗、诊断人的疾病”的适应症，但该适应症未在药品监督管理部门批准的范围内。药品监督管理部门在查处时，需要同时依据《药品管理法》总则、第二条关
holdout2,H2_230,3,3,3,3,True,False,False,CLEAN,某中医类别执业医师在《执业医师法》颁布前已经县级以上卫生行政部门批准设置诊所并个体行医满5年，现拟申请继续个体行医，同时希望在其诊所内开展急救服务。请问：1）该医师申请继续个体行医的审批依据和程序是什
holdout2,H2_231,3,1,3,3,True,False,False,CLEAN,某省发生突发公共卫生事件后，根据《突发公共卫生事件应急条例》总则、第四条和第六条，请回答：该省应急处理指挥部的成立依据、总指挥的担任者及其职责是什么？县级以上地方人民政府卫生行政主管部门和有关部门分别
holdout2,H2_232,3,1,3,3,True,False,False,CLEAN,根据《医疗用毒性药品管理办法》的施行时间、年度计划制定与审批程序以及收购经营主体资格的规定，请回答：毒性药品年度生产、收购、供应和配制计划由哪个部门制定？经哪个部门审核？由哪个部门下达给指定单位？并抄
holdout2,H2_233,3,3,3,3,True,False,False,CLEAN,某医疗机构拟在中华人民共和国境内开展计划生育技术服务活动，根据《医疗事故处理条例》《计划生育技术服务管理条例》《医疗机构管理条例》三部法规的切片，请综合回答：该机构开展此类活动时，其立法目的、主体遵守
holdout2,H2_234,3,3,3,3,True,False,False,CLEAN,某机构在边远贫困地区同时开展母婴保健服务活动和计划生育技术服务活动，根据《中华人民共和国母婴保健法实施办法》《中华人民共和国母婴保健法》和《中华人民共和国传染病防治法》总则的相关规定，该机构在遵守法律
holdout2,H2_235,3,1,3,3,True,False,False,CLEAN,根据《残疾预防和残疾人康复条例》第一章总则、第二条和第四条，请回答：残疾预防和残疾人康复工作的法定含义分别是什么？县级以上人民政府在领导该项工作时必须履行哪些具体职责？乡镇人民政府和街道办事处以及县级
holdout2,H2_236,3,1,3,3,True,False,False,CLEAN,根据《公共场所卫生管理条例》第一章总则、第三条和第二章卫生管理的规定，公共场所卫生标准和要求由哪个部门负责制定？公共场所的哪些项目应符合国家卫生标准和要求？在卫生管理环节，公共场所经营者应履行哪些义务
holdout2,H2_237,3,1,3,3,True,False,False,CLEAN,某食品生产经营者同时从事食品生产、食品销售和餐饮服务，并自行贮存和运输其产品。根据《中华人民共和国食品安全法》的总则、第二条和第四条，该经营者应当遵守本法的哪些活动？其对自己生产经营食品的安全责任如何
holdout2,H2_238,3,1,3,3,True,False,False,CLEAN,某县发生一起医患双方因诊疗活动引发的争议。县卫生健康局拟将其纳入社会治安综合治理体系并建立部门分工协作机制，同时希望引入保险机制进行第三方赔付和风险社会化分担。请问：1）该争议是否属于本条例所称的医疗
holdout2,H2_239,3,3,3,3,True,False,False,CLEAN,某养生店未取得《医疗机构执业许可证》由未取得医师资格的人员为顾客实施针灸，导致顾客肺脏破裂死亡。卫生行政部门在查处时，应如何根据《关于打击非法行医专项行动中有关中医监督问题的批复》认定非法行医？该行为
holdout2,H2_240,3,3,3,3,True,False,False,CLEAN,某省拟在边远贫困地区新设一家专门从事母婴保健服务的医疗机构，该机构同时承担传染病防治的医疗救治任务。根据《中华人民共和国母婴保健法》第二条、《中华人民共和国传染病防治法》第一章总则以及《医疗机构管理条
holdout2,H2_241,3,3,3,3,True,False,False,CLEAN,某医疗机构在从事计划生育技术服务活动中，因诊疗活动与患者发生争议，患者主张构成医疗事故。请结合《医疗纠纷预防和处理条例》第二条、《医疗事故处理条例》第一条和《计划生育技术服务管理条例》第二条，回答：该
holdout2,H2_242,3,1,3,3,True,False,False,CLEAN,某省卫生健康委员会在监督检查中发现，某医疗机构涉嫌组织他人以“营养费”“补偿金”名义变相买卖人体器官，同时该机构还未经合法审批程序擅自开展活体器官捐献摘取手术。请问：1）根据《人体器官移植条例》，该医
holdout2,H2_243,3,1,3,3,True,False,False,CLEAN,根据《放射性同位素与射线装置安全和防护条例》，某企业计划新建一处放射性同位素生产设施。请结合该条例的总则、第三条以及第二章的规定，回答以下问题：该条例的总体框架中，总则与第二章分别承担何种制度功能？在
holdout2,H2_244,3,1,3,3,True,False,False,CLEAN,根据《反兴奋剂条例》，反兴奋剂工作的立法目的、监管职责分工以及社会举报机制是如何衔接的？请结合条例第一条、第四条和第六条，说明国务院体育主管部门、县级以上人民政府有关部门以及任何单位和个人在反兴奋剂工
holdout2,H2_245,1,1,1,1,True,False,False,CLEAN,根据《中华人民共和国疫苗管理法》，对疫苗批签发申请资料或者样品的真实性有疑问，或者存在其他需要进一步核实的情况的，批签发机构应当如何处理？
holdout2,H2_246,1,1,1,1,True,False,False,CLEAN,根据《行政执法机关移送涉嫌犯罪案件的规定》，行政执法机关正职负责人或者主持工作的负责人应当自接到移送涉嫌犯罪案件的书面报告之日起几日内作出批准移送或者不批准移送的决定？
holdout2,H2_247,1,1,1,1,True,False,False,CLEAN,根据《中华人民共和国食品安全法》，餐饮服务提供者委托清洗消毒餐具、饮具的，应当委托符合什么条件的单位？
holdout2,H2_248,1,1,1,1,True,False,False,CLEAN,根据《中华人民共和国食品安全法实施条例》，发布未依法取得资质认定的食品检验机构出具的食品检验信息，或者利用上述检验信息对食品、食品生产经营者进行等级评定，欺骗、误导消费者的，由哪个部门责令改正，有违法
holdout2,H2_249,1,1,1,1,True,False,False,CLEAN,根据《计划生育技术服务管理条例》，乡、镇已有医疗机构的，是否还可以新设立计划生育技术服务机构？
holdout2,H2_250,1,1,1,1,True,False,False,CLEAN,根据《中华人民共和国药品管理法》，国务院药品监督管理部门应当自受理临床试验申请之日起多少个工作日内决定是否同意并通知临床试验申办者？
scale1,S1_001,1,1,1,1,True,False,False,CLEAN,根据《医疗纠纷预防和处理条例》，患者要求复制病历资料时，医疗机构应当如何提供复制服务？
scale1,S1_002,1,1,1,1,True,False,False,CLEAN,根据《中华人民共和国生物安全法》，发生重大新发突发传染病、动植物疫情时，国务院卫生健康、农业农村、林业草原主管部门应当立即组织疫情会商研判，并将会商研判结论向哪些机关报告和通报？
scale1,S1_003,1,1,1,1,True,False,False,CLEAN,根据《中华人民共和国食品安全法》，保健食品的标签、说明书不得涉及什么功能，并应当声明什么？
scale1,S1_004,1,1,1,1,True,False,False,CLEAN,根据《中华人民共和国中医药法》，中医药国家标准、行业标准由哪个部门制定或者修订，并在哪里公布供公众免费查阅？
scale1,S1_005,1,1,1,1,True,False,False,CLEAN,根据《中华人民共和国生物安全法》，将使用后的实验动物流入市场的，由哪个部门责令改正，没收违法所得，并处以多少罚款？
scale1,S1_006,1,1,1,1,True,False,False,CLEAN,根据《血吸虫病防治条例》，单位未依照本条例的规定对因生产、工作必须接触疫水的人员采取防护措施，或者未定期组织进行血吸虫病的专项体检的，应如何处罚？
scale1,S1_007,1,1,1,1,True,False,False,CLEAN,根据《中华人民共和国基本医疗卫生与健康促进法》，医疗卫生机构开展医疗卫生技术临床应用应当遵循哪些原则？
scale1,S1_008,1,1,1,1,True,False,False,CLEAN,根据《中华人民共和国精神卫生法》，村民委员会、居民委员会应当为生活困难的精神障碍患者家庭提供什么帮助，并向哪些部门反映情况？
scale1,S1_009,1,1,1,1,True,False,False,CLEAN,根据《医疗机构管理条例实施细则》，哪些人员不得充任医疗机构的法定代表人或者主要负责人？
scale1,S1_010,1,1,1,1,True,False,False,CLEAN,根据《医疗事故处理条例》，负责组织医疗事故技术鉴定工作的医学会应当自接到当事人提交的有关医疗事故技术鉴定的材料、书面陈述及答辩之日起多少日内组织鉴定并出具医疗事故技术鉴定书？
scale1,S1_011,1,1,1,1,True,False,False,CLEAN,根据《中华人民共和国基本医疗卫生与健康促进法》，医疗卫生人员不得利用职务之便实施哪些行为？
scale1,S1_012,1,1,1,1,True,False,False,CLEAN,根据《血吸虫病防治条例》，血吸虫病防治地区地方各级人民政府及其有关部门应当完善有关制度，方便单位和个人参与哪些活动？
scale1,S1_013,1,1,1,1,True,False,False,CLEAN,根据《艾滋病防治条例》，省级以上人民政府卫生主管部门确定承担艾滋病检测工作的实验室时，依据什么？
scale1,S1_014,1,1,1,1,True,False,False,CLEAN,根据《医疗废物管理条例》，医疗卫生机构应当使用什么运送工具，按照什么要求将医疗废物收集、运送至暂时贮存地点？
scale1,S1_015,1,1,1,1,True,False,False,CLEAN,根据《中华人民共和国医师法》，以师承方式学习中医或者经多年实践、医术确有专长的人员，取得中医医师资格及相应资格证书需要满足什么条件？
scale1,S1_016,1,1,1,1,True,False,False,CLEAN,根据《中华人民共和国中医药法》，县级以上地方人民政府有关部门应当将符合条件的中医医疗机构、中医诊疗项目、中药饮片、中成药和医疗机构中药制剂纳入什么范围？
scale1,S1_017,1,1,1,1,True,False,False,CLEAN,根据《血吸虫病防治条例》，在血吸虫病防治地区实施农业、兽医、水利、林业等工程项目以及开展人、家畜血吸虫病防治工作，应当符合什么要求？相关血吸虫病防治技术规范由哪些部门制定？
scale1,S1_018,1,1,1,1,True,False,False,CLEAN,根据《病原微生物实验室生物安全管理条例》，上级人民政府卫生主管部门、兽医主管部门、环境保护主管部门发现属于下级人民政府相应部门职责范围内需要处理的事项时，应当如何处理？
scale1,S1_019,1,1,1,1,True,False,False,CLEAN,根据《中华人民共和国医师法》，国务院卫生健康主管部门负责全国的医师管理工作，那么国务院其他有关部门如何负责有关的医师管理工作？
scale1,S1_020,1,1,1,1,True,False,False,CLEAN,根据《中华人民共和国中医药法》，生产符合国家规定条件的来源于古代经典名方的中药复方制剂，在申请药品批准文号时，可以仅提供哪类研究资料？
scale1,S1_021,1,1,1,1,True,False,False,CLEAN,根据《中华人民共和国精神卫生法》，在什么情况下患者及其监护人可以查阅、复制病历资料受到限制？
scale1,S1_022,1,1,1,1,True,False,False,CLEAN,根据《中华人民共和国药品管理法》，药品上市许可持有人、药品生产企业、药品经营企业的负责人、采购人员等有关人员在药品购销中收受其他药品上市许可持有人、药品生产企业、药品经营企业或者代理人给予的财物或者其
scale1,S1_023,1,1,1,1,True,False,False,CLEAN,根据《医疗机构管理条例实施细则》，法人和其他组织设置的为内部职工服务的门诊部、诊所、卫生所（室），在执业登记前应向哪个部门备案，并提交哪些材料？
scale1,S1_024,1,1,1,1,True,False,False,CLEAN,根据《中华人民共和国传染病防治法》，居民委员会、村民委员会应当组织居民、村民参与哪些活动？
scale1,S1_025,2,1,2,2,True,False,False,CLEAN,根据《医疗纠纷预防和处理条例》，医疗机构在开展医疗技术服务（包括采用医疗新技术）和填写、保管病历资料时，分别应当遵守哪些规定？如果因紧急抢救未能及时填写病历，医务人员应当如何处理？
scale1,S1_026,2,1,2,2,True,False,False,CLEAN,根据《医疗废物管理条例》，医疗卫生机构在医疗废物管理方面负有哪些制度与人员设置义务？在运输医疗废物时，必须遵守哪些禁止性规定？如果某地区没有陆路通道，需要通过水路运输医疗废物，应当满足什么特殊条件？
scale1,S1_027,2,1,2,2,True,False,False,CLEAN,根据《中华人民共和国生物安全法》，从事高致病性或者疑似高致病性病原微生物样本采集、保藏、运输活动的人员，除了应当具备相应条件、符合生物安全管理规范外，若其岗位属于国家生物安全基础设施重要岗位，还需满足
scale1,S1_028,2,1,2,2,True,False,False,CLEAN,根据《病原微生物实验室生物安全管理条例》，对于出入境检验检疫机构因紧急需要申请在实验室对高致病性病原微生物开展进一步实验活动的情形，省级以上人民政府卫生主管部门或者兽医主管部门的审批时限有何特殊规定？
scale1,S1_029,2,1,2,2,True,False,False,CLEAN,根据《中华人民共和国生物安全法》，国家在生物基础科学研究人才培养、抗微生物药物管理以及相关重要岗位从业资格方面分别有哪些要求？请结合第六十九条和第三十三条完整回答。
scale1,S1_030,2,1,2,2,True,False,False,CLEAN,根据《中华人民共和国传染病防治法》，医疗机构在传染病防治中应履行哪些与医院感染预防和医疗器具使用相关的义务？同时，县级以上地方人民政府及省级人民政府在传染病预防、控制、监督工作的经费保障和项目确定方面
scale1,S1_031,2,1,2,2,True,False,False,CLEAN,根据《中华人民共和国中医药法》，县级以上人民政府在突发公共卫生事件中应如何发挥中医药作用？若某医疗机构在突发公共卫生事件期间发布的中医医疗广告内容与经审查批准的内容不相符，应承担何种法律后果？请结合该
scale1,S1_032,2,1,2,2,True,False,False,CLEAN,根据《医疗事故处理条例》，卫生行政部门在收到医疗事故争议处理申请后，对于受理、移交鉴定以及后续审核鉴定书等环节分别有哪些法定期限和职责？若当事人对首次鉴定结论有异议申请再次鉴定，卫生行政部门又应如何处
scale1,S1_033,2,1,2,2,True,False,False,CLEAN,根据《中华人民共和国食品安全法》，如果某食品生产经营者生产了属于第三十四条禁止生产经营的食品（如用非食品原料生产的食品），并因此导致食品安全事故，那么事故发生后，疾病预防控制机构、食品安全监督管理部门
scale1,S1_034,2,1,2,2,True,False,False,CLEAN,根据《中华人民共和国医师法》，执业助理医师在乡、民族乡、镇和村医疗卫生机构以及艰苦边远地区县级医疗卫生机构中独立从事一般执业活动，需要满足什么条件？如果该执业助理医师长期在艰苦边远地区的县级以下医疗卫
scale1,S1_035,2,1,2,2,True,False,False,CLEAN,根据《血吸虫病防治条例》，县级以上人民政府农业或者兽医主管部门在对家畜血吸虫病监测、预防、控制、治疗和疫情管理以及农业工程项目中执行血吸虫病防治技术规范情况等进行监督检查时，可以行使哪些具体职权？被检
scale1,S1_036,2,1,2,2,True,False,False,CLEAN,根据《中华人民共和国医师法》，医师在医疗联合体内的医疗机构中执业时，是否需要办理变更注册手续？若该医师在此执业过程中受到事故伤害，其工伤保险待遇应如何确定？请结合该法第十八条和第五十条的规定回答。
scale1,S1_037,2,1,2,2,True,False,False,CLEAN,根据《麻醉药品和精神药品管理条例》，定点生产企业、全国性批发企业和区域性批发企业之间运输麻醉药品和第一类精神药品时，如果因没有铁路需要通过公路运输，发货人在运输方式、押运以及运输信息报送和通报方面分别
scale1,S1_038,2,1,2,2,True,False,False,CLEAN,根据《中华人民共和国中医药法》，医疗机构在市场上没有供应中药饮片时，如何合法地在本医疗机构内炮制、使用中药饮片？同时，该法对中医药学校教育的培养目标、修业年限、教学形式、教学内容、教学评价及学术水平评
scale1,S1_039,2,2,2,2,True,False,False,CLEAN,根据《中华人民共和国基本医疗卫生与健康促进法》第六条和《中华人民共和国精神卫生法》第十六条，各级人民政府在推进健康促进与精神卫生工作中应如何分工协调？学校对学生心理健康教育及心理援助的具体义务是什么？
scale1,S1_040,2,2,2,2,True,False,False,CLEAN,根据《中华人民共和国食品安全法》及其实施条例，县级以上地方人民政府在食品安全事故处置中未及时组织协调有关部门开展有效处置造成不良影响或损失的，应承担何种法律责任？同时，县级以上人民政府食品安全监督管理
scale1,S1_041,2,2,2,2,True,False,False,CLEAN,某医疗机构拟新建一座可能产生放射性职业病危害的放射诊疗楼。根据《职业病防治法》和《基本医疗卫生与健康促进法》，该建设单位在可行性论证阶段应履行哪些职业病危害预评价义务？该义务与基本医疗保险基金筹资机制
scale1,S1_042,2,2,2,2,True,False,False,CLEAN,根据《中华人民共和国基本医疗卫生与健康促进法》第三十条和《中华人民共和国医师法》第三十九条，在推进分级诊疗制度与加强基层医疗卫生队伍建设方面，两部法律如何衔接配合？具体而言，县级以上地方人民政府在整合
scale1,S1_043,2,2,2,2,True,False,False,CLEAN,根据《医疗机构管理条例实施细则》和《中华人民共和国医师法》，在两人以上合伙设置医疗机构的情形下，申请筹建该医疗机构的法定主体是谁？同时，若该医疗机构接收尚未取得医师执业证书的医学毕业生参与临床诊疗活动
scale1,S1_044,2,2,2,2,True,False,False,CLEAN,根据《中华人民共和国药品管理法》和《中华人民共和国中医药法》，药品上市许可持有人和中医药媒体在保障药品/中医药质量与宣传真实性方面分别承担哪些义务？若媒体未聘请中医药专业技术人员进行中医药知识宣传，且
scale1,S1_045,2,2,2,2,True,False,False,CLEAN,根据《中华人民共和国药品管理法》第七十三条和《医疗机构管理条例实施细则》第七十五条，当医疗机构评审委员会在对医疗机构进行评审时，发现该医疗机构存在药师未依法核对处方、擅自更改或代用药品，甚至对配伍禁忌
scale1,S1_046,2,2,2,2,True,False,False,CLEAN,根据《中华人民共和国医师法》第三十九条和《医疗纠纷预防和处理条例》第四十七条，县级以上人民政府卫生健康主管部门在医师继续医学教育保障与医疗纠纷预防处理中分别承担哪些职责？若医疗机构未按规定制定和实施医
scale1,S1_047,2,2,2,2,True,False,False,CLEAN,根据《病原微生物实验室生物安全管理条例》第五十条和《中华人民共和国生物安全法》第四十八条、第四十九条，县级以上人民政府卫生、兽医、环境保护主管部门在履行监督检查职责时，与病原微生物实验室设立单位及其法
scale1,S1_048,2,2,2,2,True,False,False,CLEAN,在传染病暴发、流行时，县级以上地方人民政府依据《中华人民共和国传染病防治法》第四十五条紧急调集人员或临时征用房屋、交通工具及相关设施设备后，若被调集人员或征用单位无正当理由阻碍卫生行政主管部门执法人员
scale1,S1_049,2,2,2,2,True,False,False,CLEAN,根据《中华人民共和国传染病防治法》和《病原微生物实验室生物安全管理条例》，当疾病预防控制机构未依法履行传染病监测、报告等职责，同时认可机构对不符合生物安全条件的实验室予以认可，分别应承担何种行政处分和
scale1,S1_050,2,2,2,2,True,False,False,CLEAN,某医疗机构因管理混乱，存在严重事故隐患，可能直接影响医疗安全，且未按规定处置医疗废物，导致发生传染病传播事故。请问：依据《医疗机构管理条例实施细则》和《医疗废物管理条例》，登记机关对该医疗机构可以采取
scale1,S1_051,2,2,2,2,True,False,False,CLEAN,根据《中华人民共和国传染病防治法》第二十五条和《血吸虫病防治条例》第二十三条，在血吸虫病防治地区兴建大型水利项目时，建设单位应如何履行血吸虫病防治义务？若项目涉及家畜运输，还需遵守哪些检疫规定？请综合
scale1,S1_052,2,2,2,2,True,False,False,CLEAN,用人单位未按照规定报告职业病、疑似职业病，且弄虚作假，同时该单位伪造、变造、转让放射性同位素进口和转让批准文件，分别依据《中华人民共和国职业病防治法》第七十四条和《放射性同位素与射线装置安全和防护条例
scale1,S1_053,2,2,2,2,True,False,False,CLEAN,根据《中华人民共和国传染病防治法》第七十四条和《艾滋病防治条例》第四十八条，县级以上地方人民政府卫生行政部门在艾滋病防治工作中，对疾病预防控制机构、医疗机构未执行国家有关规定导致因输入血液、使用血液制
scale1,S1_054,2,2,2,2,True,False,False,CLEAN,某医疗机构名称中含有“中心”字样，但未同时含有行政区划名称或地名，且该机构因医疗过失行为导致患者损害。请问：该机构名称的核准要求是什么？在确定医疗事故赔偿数额时，应考虑哪些因素？若该损害不属于医疗事故
scale1,S1_055,2,2,2,2,True,False,False,CLEAN,根据《中华人民共和国传染病防治法》第十七条和《中华人民共和国生物安全法》第七十八条，请回答：各级疾病预防控制机构对传染病进行监测的法定职责是什么？若个人违反《生物安全法》第七十八条中与传染病监测相关的
scale1,S1_056,2,2,2,2,True,False,False,CLEAN,根据《中华人民共和国药品管理法》和《麻醉药品和精神药品管理条例》，从事药物临床试验必须遵守什么规范？该规范由哪个部门制定？若执业医师未按照临床应用指导原则的要求使用麻醉药品和第一类精神药品，且造成严重
scale1,S1_057,3,3,3,3,True,False,False,CLEAN,某省药品监督管理部门在监督检查中发现，某医疗机构医师在尚无有效或更好治疗手段的特殊情况下，经患者明确知情同意后，使用了药品说明书中未明确但具有循证医学证据的药品用法。同时，该省卫生健康主管部门正计划在
scale1,S1_058,3,3,3,3,True,False,False,CLEAN,某医疗机构将其《医疗机构执业许可证》以营利为目的转让给非卫生技术专业人员，受让方在执业过程中给患者造成伤害，且该机构使用的某批次药品被确认发生严重不良反应。请问：1）依据《医疗机构管理条例实施细则》，
scale1,S1_059,3,3,3,3,True,False,False,CLEAN,综合《食品安全法》第四十九条、《食品安全法实施条例》第六十九条和《药品管理法》第一百一十八条，请回答：在食用农产品种植、食品贮存运输及特殊食品销售、药品生产销售等环节，相关主体分别应遵守哪些制度要求？
scale1,S1_060,3,3,3,3,True,False,False,CLEAN,某用人单位拟为职工定期开展健康检查并组织健身活动，同时计划与某师范院校合作开展职工心理健康指导；该单位还准备申请设置一家内部医疗机构，并拟由一名曾因违反法规被吊销执业证书的医务人员担任该医疗机构的法定
scale1,S1_061,3,3,3,3,True,False,False,CLEAN,某市卫生健康主管部门在监督检查中发现，一家政府举办的医疗卫生机构存在以下情形：一是该机构对外出租医疗科室；二是该机构未健全医疗信息安全制度，导致患者健康信息泄露；三是该机构一名医疗卫生人员利用职务之便
scale1,S1_062,3,3,3,3,True,False,False,CLEAN,某生物科技企业生产车间涉及病原微生物操作，同时该企业下设生物安全实验室开展生物毒素研究，并委托医疗废物集中处置单位处理实验废物。因该企业未按规定对员工进行传染病防治知识培训，且卫生行政主管部门发现其违
scale1,S1_063,3,3,3,3,True,False,False,CLEAN,某医师在医疗联合体内的医疗机构中执业，同时某药品上市许可持有人拟停止生产国家短缺药品清单中的麻醉药品，且该持有人需自行运输该麻醉药品。请问：该医师是否需办理变更注册手续？该持有人停止生产短缺药品应履行
scale1,S1_064,3,3,3,3,True,False,False,CLEAN,在医疗纠纷处理与医疗机构设置审批的衔接中，若某医学会已受理医疗事故技术鉴定并需调查取证，同时卫生主管部门正调解同一医疗纠纷并拟抽取专家咨询或委托医疗损害鉴定，而该纠纷所涉医疗机构此前由下级卫生行政部门
scale1,S1_065,3,3,3,3,True,False,False,CLEAN,某港口医院（已取得《医疗机构执业许可证》）在接诊中发现一名甲类传染病疑似病人，同时该院检验科在日常工作中产生了若干损伤性医疗废物。根据《传染病防治法》《医疗机构管理条例实施细则》《医疗废物管理条例》及
scale1,S1_066,3,3,3,3,True,False,False,CLEAN,根据《中华人民共和国传染病防治法》第五十三条、《艾滋病防治条例》第四十三条和《中华人民共和国基本医疗卫生与健康促进法》第十六条，请回答：县级以上人民政府卫生行政部门对艾滋病防治中的母婴传播预防服务负有
scale1,S1_067,3,3,3,3,True,False,False,CLEAN,根据《药品管理法》第五十三条、《中医药法》第三十四条和《基本医疗卫生与健康促进法》第三十四条，国家在药品经营、中医药教育及医疗卫生服务体系建设中分别对相关主体设定了哪些法定义务、管理责任与建设要求？请
scale1,S1_068,3,3,3,3,True,False,False,CLEAN,根据《基本医疗卫生与健康促进法》第三十六条、《医疗机构管理条例实施细则》第八十二条和《医师法》第四十七条，请综合分析：在乡村医疗卫生服务体系中，各级各类医疗卫生机构、乡村医生、人民政府及国务院如何分工
scale1,S1_069,3,3,3,3,True,False,False,CLEAN,根据《医师法》第四十一条、《医疗事故处理条例》第五十六条和《医疗纠纷预防和处理条例》第五十二条，请综合回答：在基层和艰苦边远地区医师定向培养、委托培训的履约管理以及医疗纠纷预防与处理中，若出现违约、医
scale1,S1_070,3,3,3,3,True,False,False,CLEAN,某疫苗上市许可持有人未遵守药品生产质量管理规范，且在销售疫苗时未提供加盖其印章的批签发证明复印件；同时，某疾病预防控制机构在接收该疫苗时未索取并保存相关证明文件；当地县级以上人民政府卫生行政部门发现上
scale1,S1_071,3,3,3,3,True,False,False,CLEAN,某医疗机构的实验室从事病原微生物实验，同时该机构还负责采集人体组织、器官、细胞、骨髓等，并设有医疗废物集中处置设施。根据《传染病防治法》第二十二条、《艾滋病防治条例》第五十八条和《医疗废物管理条例》第
scale1,S1_072,3,3,3,3,True,False,False,CLEAN,根据《中华人民共和国食品安全法》第十八条、《中华人民共和国药品管理法》第一百二十八条和《中华人民共和国基本医疗卫生与健康促进法》第三十六条，请综合回答：在食品、药品和医疗卫生服务三大领域，当出现可能危
scale1,S1_073,3,3,3,3,True,False,False,CLEAN,某医师因违反《中华人民共和国医师法》相关规定，被某县级卫生健康主管部门作出行政处罚决定。该医师不服，拟寻求救济；同时，该医师与患者之间因医疗行为发生纠纷，患者向卫生主管部门申请调解。请结合《医疗机构管
scale1,S1_074,3,3,3,3,True,False,False,CLEAN,根据《中华人民共和国传染病防治法》第十七条、《血吸虫病防治条例》第九条和《中华人民共和国基本医疗卫生与健康促进法》第八十条，回答以下问题：血吸虫病作为传染病，其防治工作涉及监测、宣传教育及经费保障等多
scale1,S1_075,3,3,3,3,True,False,False,CLEAN,某医师因发生二级医疗事故未满五年，且其所在医疗机构被吊销《医疗机构执业许可证》，该医师同时是该医疗机构的法定代表人。现该医师拟申请设置一家新的医疗机构，并计划接受继续医学教育。同时，某县级以上城市从事
scale1,S1_076,3,3,3,3,True,False,False,CLEAN,某省疾病预防控制中心在传染病监测中发现一例不明原因聚集性疾病，随即指派工作人员甲前往现场采集疑似高致病性病原微生物样本。甲未取得相应生物安全防护设备，也未对样本来源、采集过程和方法作详细记录；同时，该
scale1,S1_077,3,3,3,3,True,False,False,CLEAN,某省药品监督管理部门的一名工作人员张某，同时参与了一家定点麻醉药品批发企业的经营活动，该企业后因销售假麻醉药品被查处。此外，张某曾因违反药品管理法规被吊销执业证书，现欲申请设置一家医疗机构并担任法定代
scale1,S1_078,3,3,3,3,True,False,False,CLEAN,根据《中华人民共和国传染病防治法》第十三条、《病原微生物实验室生物安全管理条例》第五十四条和《中华人民共和国生物安全法》第十九条，请综合分析：在传染病防治和生物安全领域，各级人民政府及其相关部门、卫生
scale1,S1_079,3,3,3,3,True,False,False,CLEAN,某医疗机构拟新建可能产生放射性职业病危害的建设项目，并计划在竣工后开展基本医疗保险结算服务。在项目开工前、竣工后以及后续医师执业过程中，分别涉及哪些法律义务与责任？请结合《职业病防治法》第六十九条、《
scale1,S1_080,3,3,3,3,True,False,False,CLEAN,在食品安全风险预警、职工健康保护与复检费用承担并存的场景下，若某用人单位职工因食用国内市场上销售的进口食品导致健康损害，并引发对同批次进口食品的复检争议，请问：国家出入境检验检疫部门在接到境外食品安全
hub1,HUB_001,1,1,1,1,True,False,False,CLEAN,根据《中华人民共和国疫苗管理法》，国家免疫规划疫苗由哪些部门组织集中招标或者统一谈判，形成并公布中标价格或者成交价格？
hub1,HUB_002,1,1,1,1,True,False,False,CLEAN,根据《中华人民共和国生物安全法》，国务院有关部门和有关军事机关根据职责分工，对可被用于生物恐怖活动、制造生物武器的生物体、生物毒素、设备或者技术进出境、进出口、获取、制造、转移和投放等活动，应当采取哪
hub1,HUB_003,1,1,1,1,True,False,False,CLEAN,根据《中华人民共和国生物安全法》，专业机构应当对哪些疾病开展主动监测，并预测什么趋势？
hub1,HUB_004,1,1,1,1,True,False,False,CLEAN,根据《中华人民共和国精神卫生法》，将非精神障碍患者故意作为精神障碍患者送入医疗机构治疗，给患者造成人身、财产或者其他损害的，应当承担什么责任？
hub1,HUB_005,1,1,1,1,True,False,False,CLEAN,根据《中华人民共和国精神卫生法》，心理咨询人员从事心理治疗或者精神障碍的诊断、治疗，且造成严重后果的，卫生行政部门、工商行政管理部门可依据各自职责作出何种处罚？
hub1,HUB_006,1,1,1,1,True,False,False,CLEAN,根据《中华人民共和国食品安全法实施条例》，国务院卫生行政部门应当在其网站上公布什么草案并公开征求意见？
hub1,HUB_007,1,1,1,1,True,False,False,CLEAN,根据《中华人民共和国医师法》，国家为加强基层医疗卫生人才培养和配备，重点培养哪类人才？
hub1,HUB_008,2,1,2,2,True,False,False,CLEAN,根据《中华人民共和国生物安全法》，从事生物技术研究、开发与应用活动应当遵循什么原则？如果违反该原则从事了危害生物安全的活动，地方各级人民政府及其有关部门、基层群众性自治组织以及有关单位和个人分别承担哪
hub1,HUB_009,2,2,2,2,True,False,False,CLEAN,根据《中华人民共和国疫苗管理法》第十四条和《中华人民共和国精神卫生法》第十八条，国家在研制疾病预防、控制急需的疫苗时，应如何组织联合攻关？同时，监狱、看守所等场所对服刑人员、被依法拘留、逮捕、强制隔离
hub1,HUB_010,2,2,2,2,True,False,False,CLEAN,某中医诊所超出备案范围开展医疗活动，被县级人民政府中医药主管部门责令停止执业活动，但其直接负责的主管人员王某在处罚决定作出后第三年，又被某医疗机构聘为管理负责人。同时，王某在计划生育行政部门依法执行公
hub1,HUB_011,2,1,2,2,True,False,False,CLEAN,根据《血吸虫病防治条例》，在血吸虫病防治地区，地方人民政府应当组织同步实施哪些与钉螺调查和杀灭相关的防治措施？如果单位和个人损坏或擅自移动了有钉螺地带的警示标志，将面临何种法律责任？
hub1,HUB_012,2,1,2,2,True,False,False,CLEAN,根据《中华人民共和国疫苗管理法》，在中国境内上市的疫苗，其注册审批与后续预防接种管理分别涉及哪些规定？请结合第十九条和第四十二条，说明疫苗从注册上市到接种方案制定的完整法律要求。
hub1,HUB_013,2,2,2,2,True,False,False,CLEAN,某县发生急性血吸虫病暴发，经调查发现，疫情可能与当地一家病原微生物实验室违规操作有关。请问：根据《血吸虫病防治条例》和《病原微生物实验室生物安全管理条例》，县级以上地方人民政府在血吸虫病暴发时应履行哪
hub1,HUB_014,2,1,2,2,True,False,False,CLEAN,根据《中华人民共和国食品安全法实施条例》，集中用餐单位食堂的承包经营者在日常运营中应履行哪些食品安全义务？若其从境外采购的食品出现严重食品安全问题，国家出入境检验检疫部门可采取哪些控制措施？请结合该条
hub1,HUB_015,2,1,2,2,True,False,False,CLEAN,根据《中华人民共和国疫苗管理法》，疾病预防控制机构、接种单位在发现存在包装无法识别、储存温度不符合要求、超过有效期等问题的疫苗后，应当履行哪些处置和记录义务？同时，该法对疫苗监督检查队伍及派驻检查员制
hub1,HUB_016,3,3,3,3,True,False,False,CLEAN,某省卫生健康主管部门拟在辖区内一家基层医疗卫生机构配置陀螺旋转式钴-60立体定向放射治疗系统，用于开展肿瘤放射治疗。该机构同时承担基本医疗卫生服务，并计划使用国家免疫规划疫苗开展预防接种。请结合《基本
hub1,HUB_017,3,3,3,3,True,False,False,CLEAN,某县地处血吸虫病防治地区，同时承担长江防护林建设与航道工程建设任务。该县林业和交通主管部门在开展血吸虫病综合防治时，发现工程区域内存在因疫病监测预警而依法收缴的过期、损坏麻醉药品和精神药品，且部分药品
hub1,HUB_018,3,3,3,3,True,False,False,CLEAN,某省卫生健康主管部门在联合执法检查中发现：一家同时经营碘盐零售和疫苗接种服务的公共场所，其服务人员未取得健康合格证明即从事服务工作，且该场所接种记录仅保存至疫苗有效期满后三年即销毁；同时，该场所的碘盐
hub1,HUB_019,3,3,3,3,True,False,False,CLEAN,某乡镇学校在未取得卫生行政部门、劳动部门和工会组织审查同意的情况下擅自将粉尘作业外包给无防尘设施的个体工商户，并安排未成年人从事该作业，同时该校未将卫生工作纳入学校工作计划且未执行健康检查制度。卫生行
hub1,HUB_020,3,3,3,3,True,False,False,CLEAN,某医疗保健机构拟开展新生儿疾病筛查并同时进行预防接种，其使用的疫苗中包括一种用于预防新生儿严重感染性疾病的创新疫苗，该疫苗尚未在中国境内上市；同时，该机构还计划与某实验研究单位合作，将后者在麻醉药品和
hub1,HUB_021,1,1,1,1,True,False,False,CLEAN,根据《中华人民共和国食品安全法》，食品检验机构在什么条件下方可从事食品检验活动？
hub1,HUB_022,1,1,1,1,True,False,False,CLEAN,根据《中华人民共和国职业病防治法》，国家在职业病防治技术、工艺、设备、材料方面采取哪些鼓励、支持和限制、淘汰措施？
hub1,HUB_023,1,1,1,1,True,False,False,CLEAN,根据《中华人民共和国职业病防治法》，负责全国职业病防治的监督管理工作的部门是哪些？
hub1,HUB_024,1,1,1,1,True,False,False,CLEAN,根据《病原微生物实验室生物安全管理条例》，新建、改建或者扩建一级、二级实验室，应当向哪一级主管部门备案？
hub1,HUB_025,1,1,1,1,True,False,False,CLEAN,根据《放射性同位素与射线装置安全和防护条例》，生产、销售、使用放射性同位素和射线装置的单位变更单位名称、地址、法定代表人，未依法办理许可证变更手续的，由哪个部门责令限期改正并给予警告？逾期不改正的，由
hub1,HUB_026,1,1,1,1,True,False,False,CLEAN,根据《艾滋病防治条例》，血站、单采血浆站将未经艾滋病检测的人体血液、血浆，或者艾滋病检测阳性的人体血液、血浆供应给医疗机构和血液制品生产单位的，尚不构成犯罪的，应当如何处理？
hub1,HUB_027,1,1,1,1,True,False,False,CLEAN,根据《艾滋病防治条例》，公安、司法行政机关对被依法逮捕、拘留和在监狱中执行刑罚以及被依法收容教育、强制戒毒和劳动教养的艾滋病病毒感染者和艾滋病病人，应当采取什么措施？
hub1,HUB_028,2,1,2,2,True,False,False,CLEAN,根据《中华人民共和国母婴保健法实施办法》，婚前医学检查发现当事人患有“不宜生育的严重遗传性疾病”时，医师应当如何说明情况并提出建议？如果该当事人之后生育了严重遗传性疾病患儿，再次妊娠前夫妻双方又应当履
hub1,HUB_029,2,2,2,2,True,False,False,CLEAN,某省人民政府根据《母婴保健法》第十三条制定了婚前医学检查制度实施办法，规定婚前医学检查由经批准的中医诊所承担，并设定了收费标准。后某中医诊所超出备案范围开展婚前医学检查，被县级中医药主管部门查处。请问
hub1,HUB_030,2,1,2,2,True,False,False,CLEAN,根据《中华人民共和国母婴保健法》，医疗保健机构为育龄妇女和孕产妇提供孕产期保健服务时，若涉及产前诊断和婚前医学检查，分别需要由经过何种考核并取得合格证书的人员从事？请结合该法第十四条和第三十三条回答。
hub1,HUB_031,2,1,2,2,True,False,False,CLEAN,根据《医疗纠纷预防和处理条例》，医疗机构及其医务人员在诊疗活动中应当以患者为中心，加强人文关怀，严格遵守医疗卫生法律、法规、规章和诊疗相关规范、常规，恪守职业道德，并应当对其医务人员进行医疗卫生法律、
hub1,HUB_032,2,2,2,2,True,False,False,CLEAN,某省在婚前医学检查中发现一名当事人处于传染期内的指定传染病，且该病种可能构成传染病暴发、流行。请结合《中华人民共和国母婴保健法实施办法》第十四条与《突发公共卫生事件应急条例》第十九条，回答：医疗、保健
hub1,HUB_033,2,2,2,2,True,False,False,CLEAN,某三级实验室已通过国家认可并从事口腔修复（镶牙）相关的病原微生物研究，根据《病原微生物实验室生物安全管理条例》和《湖北省生计生委关于对镶牙是否属于诊疗活动请示的批复》，该实验室在备案与诊疗行为认定上分
hub1,HUB_034,2,1,2,2,True,False,False,CLEAN,根据《病原微生物实验室生物安全管理条例》，保藏机构未依照规定储存实验室送交的菌（毒）种和样本，或者未依照规定提供菌（毒）种和样本，且造成传染病传播、流行或者其他严重后果的，应如何处理？同时，若发生病原
hub1,HUB_035,2,2,2,2,True,False,False,CLEAN,某医疗机构发现一例因实验室感染高致病性病原微生物而罹患传染病的病人，该机构应在多长时间内报告哪个部门？接到报告的部门又应在多长时间内通报哪个部门？若该实验室同时从事食盐加碘所需碘剂的购置与加碘作业，其
hub1,HUB_036,3,3,3,3,True,False,False,CLEAN,某企业拟在某县 simultaneously 开展食品生产、医疗废物收集运送贮存处置以及针对本县重大疾病的专项防控服务。请问：该企业分别需要取得哪些行政许可或符合哪些法定条件？若其未取得医疗废物经营许
hub1,HUB_037,3,3,3,3,True,False,False,CLEAN,某医疗机构拟新建一处可能产生放射性职业病危害的放射诊疗建设项目，并计划在该项目内配制、使用医疗用毒性药品。根据《中华人民共和国职业病防治法》第十八条、《医疗用毒性药品管理办法》第四条和《中华人民共和国
hub1,HUB_038,3,3,3,3,True,True,False,CONTAMINATED_DOC034,某医疗保健机构中一名以妇产科专业注册的临床医师，在从事计划生育技术服务时引发医疗纠纷，经人民调解达成调解协议。该医师主张其依据国家卫生计生委批复无需取得《计划生育技术服务人员合格证》，并询问调解协议书
hub1,HUB_039,3,3,3,3,True,False,False,CLEAN,某医疗机构因改建申请停业，经登记机关批准后停业8个月。停业期间，该机构因涉嫌使用虚假医疗损害鉴定意见被调查，同时其所在地发生突发公共卫生事件，当地县级人民政府及有关部门对上级人民政府有关部门的调查不予
hub1,HUB_040,3,3,3,3,True,False,False,CLEAN,某省卫生健康委在开展公共卫生与生物安全联合执法检查时，发现以下情形：甲企业通过公路运输一批高致病性病原微生物样本，承运单位未凭法定批准文件即予以运输，且未与护送人共同采取安全措施；乙乡镇企业主管部门未
hub1,HUB_041,1,1,1,1,True,False,False,CLEAN,根据《中华人民共和国药品管理法》，在中国境内上市的药品，哪些情形除外应当经国务院药品监督管理部门批准并取得药品注册证书？
hub1,HUB_042,1,1,1,1,True,False,False,CLEAN,根据《中华人民共和国药品管理法》，因药品质量问题受到损害的，受害人可以向哪些主体请求赔偿损失？
hub1,HUB_043,1,1,1,1,True,False,False,CLEAN,根据《中华人民共和国传染病防治法》，传染病病人、病原携带者和疑似传染病病人，在治愈前或者在排除传染病嫌疑前，不得从事什么工作？
hub1,HUB_044,1,1,1,1,True,False,False,CLEAN,根据《中华人民共和国传染病防治法》，为了查找传染病病因，医疗机构在必要时可以对传染病病人尸体或者疑似传染病病人尸体进行解剖查验，但应当履行什么程序？
hub1,HUB_045,1,1,1,1,True,False,False,CLEAN,根据《医疗事故处理条例》，当事人向卫生行政部门提出医疗事故争议处理申请的期限是多久？
hub1,HUB_046,1,1,1,1,True,False,False,CLEAN,根据《医疗事故处理条例》，专家鉴定组成员有哪些情形之一的，应当回避，当事人也可以以口头或者书面的方式申请其回避？
hub1,HUB_047,1,1,1,1,True,True,False,CONTAMINATED_DOC034,根据《医疗器械监督管理条例》，关于红十字会的建立，全国性行业根据需要可以建立什么？
hub1,HUB_048,2,2,2,2,True,False,False,CLEAN,某医疗机构因医疗事故被卫生行政部门审核医疗事故技术鉴定结论后拟作出行政处理，但该机构主张其执业登记机关与医疗事故鉴定审核机关不一致，可能影响处理效力。请问：根据《医疗事故处理条例》和《医疗机构管理条例
hub1,HUB_049,2,2,2,2,True,False,False,CLEAN,某村已发生甲类传染病病例，县级以上地方人民政府对该村特定区域人员实施隔离措施。隔离期间，取得执业医师资格并开办村医疗卫生机构的张某，应村民要求提供预防、保健和医疗服务。请问：张某所在单位能否以隔离为由
hub1,HUB_050,2,1,2,2,True,False,False,CLEAN,根据《中华人民共和国药品管理法》，药品上市许可持有人未按规定对已上市药品开展上市后评价，且药品监督管理部门未及时发现该药品存在的系统性风险并造成严重影响的，应如何处理？请结合该法第八十三条和第一百四十
hub1,HUB_051,2,1,2,2,True,False,False,CLEAN,根据《医疗事故处理条例》，患者甲因医疗事故争议，在知道身体健康受到损害后第8个月时向卫生行政部门提出了书面处理申请，卫生行政部门受理后移交医学会组织鉴定。医学会于受理鉴定之日起第4日通知了医患双方提交
hub1,HUB_052,2,1,2,2,True,False,False,CLEAN,根据《中华人民共和国药品管理法》，某药品生产企业生产以儿童为主要使用对象的劣药，且该劣药造成用药者人身伤害，受害人向药品经营企业请求赔偿。请结合该法第一百三十七条和第一百四十四条，回答：（1）对该生产
hub1,HUB_053,2,1,2,2,True,False,False,CLEAN,根据《医疗事故处理条例》，当发生患者死亡的医疗事故争议时，卫生行政部门应如何确定受理机关？若该争议已确定为医疗事故，当事人请求赔偿调解，卫生行政部门进行调解时应遵循什么原则？调解不成或达成协议后一方反
hub1,HUB_054,2,2,2,2,True,False,False,CLEAN,在职业病诊断与鉴定中，若需参照医疗事故技术鉴定程序作出鉴定结论并制作鉴定书，应如何结合《医疗事故处理条例》第三十一条和《卫生部关于职业病诊断与鉴定有关问题的批复》（卫法监发〔2002〕173号）的规定
hub1,HUB_055,2,2,2,2,True,False,False,CLEAN,药品网络交易第三方平台提供者在审核入驻平台的药品经营企业资质时，若该企业同时属于流动人口中的育龄夫妻，根据《中华人民共和国药品管理法》第六十二条和《流动人口计划生育工作条例》第十二条，第三方平台提供者
hub1,HUB_056,3,3,3,3,True,False,False,CLEAN,在传染病暴发、流行期间，某药品生产企业既生产防治传染病的药品，又存在产品安全违法行为。请问：根据《传染病防治法》《职业病防治法》和《国务院关于加强食品等产品安全监督管理的特别规定》，行政机关在对该企业
hub1,HUB_057,3,3,3,3,True,False,False,CLEAN,某患者因在符合资质的医疗机构接受国家免费提供的计划生育手术发生并发症，经鉴定为三级以上计划生育手术并发症。该患者与医疗机构就赔偿等民事责任争议自行协商达成协议，但未制作法定协议书；同时，该医疗机构在采
hub1,HUB_058,3,3,3,3,True,False,False,CLEAN,某医师未取得卫生行政主管部门批准，擅自在家中行医，在诊疗过程中发现一名患者疑似为突发原因不明的传染病，但未按属地管理原则报告；后该患者被确诊为艾滋病病毒感染者，该医师亦未将感染事实告知本人（患者为完全
hub1,HUB_059,3,3,3,3,True,True,False,CONTAMINATED_DOC034,某市卫生健康委员会在联合执法检查中发现以下情形：甲医院冒用红十字标志开展义诊并发布虚假信息损害红十字会名誉；乙诊所为育龄妇女实施计划生育手术，术后妇女出现并发症，该诊所主张其手术属于国家免费提供的计划
hub1,HUB_060,3,3,3,3,True,False,False,CLEAN,某中医养生保健机构在未取得《医疗机构执业许可证》的情况下，使用具有创伤性的“火疗”技术为顾客“治疗风寒湿性关节痛”，并宣称“气功治病”效果，同时其使用的“火疗”相关药品被药品上市许可持有人发现存在质量
hub1,HUB_061,1,1,1,1,True,False,False,CLEAN,根据《乡村医生从业管理条例》，对承担国家规定的预防、保健等公共卫生服务的乡村医生，其培训所需经费应列入哪一级财政预算？对边远贫困地区，哪一级地方人民政府应当给予适当经费支持？
hub1,HUB_062,1,1,1,1,True,False,False,CLEAN,根据《乡村医生从业管理条例》，乡村医生经考核不合格的，在多久之内可以申请进行再次考核？
hub1,HUB_063,1,1,1,1,True,False,False,CLEAN,根据《卫生部关于中医执业的14个批复》，在中医医疗监督工作中，发现以涉及中医药的“预防”“保健”“养生”等为名涉嫌虚假宣传、欺诈消费者，牟取不正当利益的行为，对不属于本机关管辖的，应当如何处理？
hub1,HUB_064,2,2,2,2,True,False,False,CLEAN,某乡村医生因涉嫌医疗事故罪被县级卫生行政主管部门注销执业注册，该注销名单应如何公告和备案？在随后进行的医疗事故技术鉴定中，参加鉴定的相关专业专家应如何抽取？若本地专家库资源不足，医学会可以采取何种措施
hub1,HUB_065,2,1,2,2,True,False,False,CLEAN,根据《乡村医生从业管理条例》，某乡村医生因受刑事处罚，自刑罚执行完毕之日起至申请执业注册之日止不满2年，县级人民政府卫生行政主管部门应如何处理其注册申请？若该申请最终被准予注册，卫生行政主管部门还须履
hub1,HUB_066,2,2,2,2,True,False,False,CLEAN,某中医养生保健机构未取得《医疗机构执业许可证》，以“火疗”名义使用彝医火疗法治疗风寒湿性关节痛，并宣称使用的中药饮片系“道地药材、全程可追溯”。该机构的行为应如何定性？在查处时，卫生计生行政部门与药品
hub1,HUB_067,2,2,2,2,True,False,False,CLEAN,乡村医生在村卫生室执业时，根据《乡村医生从业管理条例》第二十四条和《医疗机构管理条例》第二十六条，其应当履行哪些与诊疗规范、患者权益及信息公示相关的义务？若未悬挂《医疗机构执业许可证》、诊疗科目、诊疗
hub1,HUB_068,2,2,2,2,True,False,False,CLEAN,在突发公共卫生事件应急处置期间，某中医养生保健机构以“气功治病”“预防保健”为名开展火疗、康复按摩等服务，并宣称可“抢救性康复”。卫生计生行政部门在监督检查中发现该机构未取得《医疗机构执业许可证》，且
hub1,HUB_069,2,2,2,2,True,False,False,CLEAN,根据《乡村医生从业管理条例》第十条，某乡村医生经申请取得乡村医生执业证书后，在村医疗卫生机构执业。若其在执业中发生医疗事故，卫生行政部门在作出行政处理时，应如何依据《医疗事故处理条例》第四十二条审核医
hub1,HUB_070,2,2,2,2,True,False,False,CLEAN,乡村医生在未依照《医疗机构管理条例》取得医疗机构执业许可的村级卫生室从事母婴保健服务，且执业活动超出规定范围，应如何依据《乡村医生从业管理条例》和《中华人民共和国母婴保健法实施办法》认定该卫生室的性质
hub1,HUB_071,2,2,2,2,True,False,False,CLEAN,在国境口岸卫生检疫工作中，若发现入境人员以“中医气功治病”“康复按摩”等名义，在未取得《医疗机构执业许可证》的情况下，于交通工具上或口岸指定地点开展诊疗活动，并涉嫌虚假宣传、欺诈消费者，国境卫生检疫机
hub1,HUB_072,2,2,2,2,True,False,False,CLEAN,某中医养生保健机构未取得《医疗机构执业许可证》，聘用持有保健按摩证的人员，以“火疗”和“康复按摩”为名，对患者进行涉及中医诊疗的活动，并出具了标注“儿科专业”和“医学影像和放射治疗专业”的诊断报告。请
hub1,HUB_073,2,1,2,2,True,False,False,CLEAN,根据《乡村医生从业管理条例》，哪些人员可以申请乡村医生执业注册？申请时应向哪个机关提交哪些材料？该机关应在多长时间内完成审核？对不符合条件的人员应如何处理？
hub1,HUB_074,2,2,2,2,True,False,False,CLEAN,在卫生监督执法中，若发现某机构未取得《医疗机构执业许可证》而使用中医医疗技术（如针刺、瘢痕灸等）开展诊疗活动，同时该机构又存在安排未成年人从事粉尘作业且作业场所粉尘浓度超过国家卫生标准逾期不采取措施的
hub1,HUB_075,2,1,2,2,True,False,False,CLEAN,根据《乡村医生从业管理条例》，对于不具备执业医师资格或执业助理医师资格但具有中等医学专业学历的人员，在申请乡村医生执业注册时，除需满足第十二条第二款规定的学历或培训条件外，还应同时符合第十四条的哪些不
hub1,HUB_076,3,3,3,3,True,False,False,CLEAN,某地卫生监督机构在联合执法中发现：甲某持有保健按摩证，在未取得《医疗机构执业许可证》的养生馆内，以“中医气功治病”“火疗”为名开展服务，并宣称“抢救性康复”疗效；同时，该养生馆还组织运动员接受兴奋剂检
hub1,HUB_077,3,3,3,3,True,False,False,CLEAN,某中医养生保健机构未取得《医疗机构执业许可证》，使用彝医火疗法为风寒湿性关节痛患者开展诊疗活动，同时以“疾病研究”为名进行虚假宣传，并声称可对新生儿进行遗传性代谢病筛查与治疗。该机构还收治了一名生活困
hub1,HUB_078,3,3,3,3,True,False,False,CLEAN,某县级人民政府卫生行政主管部门未按照乡村医生培训规划、计划组织乡村医生培训，该行为始于1997年9月30日之前并连续至1997年10月1日之后终了；同时，该部门在培训经费管理中违反食品安全法实施条例规
hub1,HUB_079,3,2,3,3,True,False,False,CLEAN,某县级人民政府卫生行政主管部门在受理乡村医生执业注册申请时，依据《乡村医生从业管理条例》第二章和第十三条进行审核，同时该县卫生防疫机构正依据《公共场所卫生管理条例》第十二条对辖区内公共场所从业人员开展
hub1,HUB_080,3,2,3,3,True,False,False,CLEAN,某省卫生健康行政主管部门在乡村医生执业注册与用药监管中，发现部分乡村医生未在基本用药目录范围内用药，且对村民反映的违法注册问题未及时调查处理；同时，该省在开展吸毒成瘾者药物维持治疗时，未与公安、药品监
hub1,HUB_081,1,1,1,1,True,False,False,CLEAN,根据《医疗机构管理条例实施细则》，医疗机构监督员对医疗机构违反条例和本细则的案件负有哪些职责？
hub1,HUB_082,1,1,1,1,True,False,False,CLEAN,根据《医疗机构管理条例实施细则》，各级医疗机构监督管理办公室的职责包括哪些？
hub1,HUB_083,1,1,1,1,True,False,False,CLEAN,根据《医疗机构管理条例》，县级以上人民政府卫生行政部门行使的监督管理职权中，负责医疗机构的设置审批、执业登记和校验属于哪一项？
hub1,HUB_084,2,1,2,2,True,False,False,CLEAN,根据《医疗机构管理条例实施细则》，某申请人在提交医疗机构设置申请时，其选址报告未说明选址与周围托幼机构、中小学校、食品生产经营单位布局的关系，且该选址不符合当地《医疗机构设置规划》。卫生行政部门应依据
hub1,HUB_085,2,1,2,2,True,False,False,CLEAN,根据《医疗机构管理条例实施细则》，某申请人拟设置一家名称为“XX专治疑难病专家门诊”的医疗机构，该名称是否合法？若该申请同时存在选址不合理、污水污物粪便处理方案不合理的情形，卫生行政部门应如何处理？请
hub1,HUB_086,2,2,2,2,True,False,False,CLEAN,根据《医疗机构管理条例实施细则》第七十三条和《中华人民共和国食品安全法实施条例》第五十八条，在医疗机构评审制度与食品安全事故定期分析制度中，卫生行政部门的职责分别是什么？这两个制度如何体现跨部门协作与
hub1,HUB_087,2,1,2,2,True,False,False,CLEAN,根据《医疗机构管理条例实施细则》，某床位120张的综合医院未在校验期满前三个月申请办理校验手续，且逾期未办理。请问：该医院的校验期是几年？其未按期申请校验的行为应由谁、依据什么职责进行监督处理？请结合
hub1,HUB_088,2,2,2,2,True,False,False,CLEAN,根据《医疗机构管理条例》第四十条，县级以上人民政府卫生行政部门对医疗机构行使哪些监督管理职权？若某医疗机构在中药材种植过程中使用剧毒、高毒农药，该卫生行政部门能否直接依据《中华人民共和国中医药法》第五
hub1,HUB_089,2,1,2,2,True,False,False,CLEAN,根据《医疗机构管理条例》，县级以上人民政府卫生行政部门对医疗机构行使哪些监督管理职权？若当事人对卫生行政部门作出的罚款及没收药品、器械的处罚决定不服，应如何寻求救济？若当事人未在法定期限内申请复议或提
hub1,HUB_090,2,2,2,2,True,False,False,CLEAN,某医疗机构拟在国境口岸设立执业点，其向卫生行政部门申请执业登记时，若现场抽查考核发现消毒、隔离和无菌操作等基本知识和技能不合格，依据《医疗机构管理条例实施细则》应如何处理？同时，结合《中华人民共和国国
hub1,HUB_091,2,1,2,2,True,False,False,CLEAN,根据《医疗机构管理条例》，某省卫生健康委拟对全省医疗机构开展评审工作。请回答：（1）该省行政区域内医疗机构评审委员会应由哪一级卫生行政部门负责组织？（2）该评审委员会的成员应由哪一级卫生行政部门聘任？
hub1,HUB_092,2,1,2,2,True,False,False,CLEAN,某综合医院（床位120张）在2023年校验期满前三个月申请办理校验手续时，登记机关发现其上一校验周期内存在超出登记的诊疗科目范围的诊疗活动，且该活动累计收入为3500元，但未给患者造成伤害。根据《医疗
hub1,HUB_093,2,1,2,2,True,False,False,CLEAN,根据《医疗机构管理条例实施细则》，某申请人拟设置一家医疗机构并随后申请执业登记。请问：在设置审批阶段，哪些情形会导致不予批准？在执业登记阶段，哪些情形会导致不予登记？这两个阶段的不予批准/不予登记情形
hub1,HUB_094,2,2,2,2,True,False,False,CLEAN,某县卫生行政部门拟对辖区内一家由机关设置、仅服务于内部职工的门诊部及其在该门诊部执业的乡村医生进行管理。根据《医疗机构管理条例》和《乡村医生从业管理条例》，该门诊部的执业登记应由哪一级卫生行政部门办理
hub1,HUB_095,2,2,2,2,True,False,False,CLEAN,某医疗机构拟设置并使用陀螺旋转式钴-60立体定向放射治疗系统开展放射诊疗，在申请医疗机构执业登记和放射诊疗许可时，根据《医疗机构管理条例实施细则》第四十一条和《卫生部关于陀螺旋转式钴-60立体定向放射
hub1,HUB_096,3,3,3,3,True,False,False,CLEAN,某机关单位拟设置一个仅为其内部职工服务的门诊部，该门诊部在执业登记、药学技术人员职业能力评价以及药品原料辅料采购审核三个环节分别应当遵守哪些规定？请结合《医疗机构管理条例》第十七条、《残疾预防和残疾人
hub1,HUB_097,3,3,3,3,True,False,False,CLEAN,某中医门诊部拟申请执业登记，其设置批准书由县级卫生健康行政部门出具，该门诊部内设中药房并计划从事中药材初加工和购销业务，同时拟聘请一名具有主治医师职务的医师负责医学技术鉴定工作。请问：1. 该门诊部申
hub1,HUB_098,3,3,3,3,True,False,False,CLEAN,某地拟新设一家由民营企业投资举办的医疗机构，该机构在申请执业登记时，卫生健康行政部门需依据《医疗机构管理条例实施细则》第四十一条审查其命名是否符合法定原则；同时，该机构内设的公共候诊区域属于《公共场所
hub1,HUB_099,3,3,3,3,True,False,False,CLEAN,某个人拟同时申请设置一家含有个人姓名作为识别名称的医疗机构、开展病原微生物实验室活动并接受实验室认可监督检查，以及在该机构内聘用乡村医生执业。请问：该医疗机构的命名必须遵循哪些法定原则？该实验室认可活
hub1,HUB_100,3,3,3,3,True,False,False,CLEAN,某设区的市卫生健康委员会在制定本行政区域《医疗机构设置规划》时，拟将“利用计划生育宣传和技术服务网络开展艾滋病防治宣传教育”以及“加强健康促进与教育、普及健康科学知识”作为规划内容。请结合《医疗机构管
